Chunk ID,File Name,Chunk Number,Chunk Text,Word Count
attention_is_all_you_need.pdf_chunk_1,attention_is_all_you_need.pdf,1,"Abstract The dominant sequence transduction models are based on complex recurrent or convolutional neural networks that include an encoder and a decoder. The best performing models also connect the encoder and decoder through an attention mechanism. We propose a new simple network architecture, the Transformer, based solely on attention mechanisms, dispensing with recurrence and convolutions entirely. Experiments on two machine translation tasks show these models to be superior in quality while being more parallelizable and requiring significantly less time to train. Our model achieves 28.4 BLEU on the WMT 2014 English- to-German translation task, improving over the existing best results, including ensembles, by over 2 BLEU.",106
attention_is_all_you_need.pdf_chunk_2,attention_is_all_you_need.pdf,2,"Our model achieves 28.4 BLEU on the WMT 2014 English- to-German translation task, improving over the existing best results, including ensembles, by over 2 BLEU. On the WMT 2014 English-to-French translation task, our model establishes a new single-model state-of-the-art BLEU score of 41.8 after training for 3.5 days on eight GPUs, a small fraction of the training costs of the best models from the literature. We show that the Transformer generalizes well to other tasks by applying it successfully to English constituency parsing both with large and limited training data. ∗Equal contribution. Listing order is random.",96
attention_is_all_you_need.pdf_chunk_3,attention_is_all_you_need.pdf,3,"Listing order is random. Jakob proposed replacing RNNs with self-attention and started the effort to evaluate this idea. Ashish, with Illia, designed and implemented the first Transformer models and has been crucially involved in every aspect of this work. Noam proposed scaled dot-product attention, multi-head attention and the parameter-free position representation and became the other person involved in nearly every detail. Niki designed, implemented, tuned and evaluated countless model variants in our original codebase and tensor2tensor.",76
attention_is_all_you_need.pdf_chunk_4,attention_is_all_you_need.pdf,4,"Niki designed, implemented, tuned and evaluated countless model variants in our original codebase and tensor2tensor. Llion also experimented with novel model variants, was responsible for our initial codebase, and efficient inference and visualizations. Lukasz and Aidan spent countless long days designing various parts of and implementing tensor2tensor, replacing our earlier codebase, greatly improving results and massively accelerating our research. †Work performed while at Google Brain. ‡Work performed while at Google Research.",71
attention_is_all_you_need.pdf_chunk_5,attention_is_all_you_need.pdf,5,"‡Work performed while at Google Research. 31st Conference on Neural Information Processing Systems (NIPS 2017), Long Beach, CA, USA. arXiv:1706.03762v7 [cs.CL] 2 Aug 2023 Introduction Recurrent neural networks, long short-term memory [13] and gated recurrent [7] neural networks in particular, have been firmly established as state of the art approaches in sequence modeling and transduction problems such as language modeling and machine translation [35, 2, 5]. Numerous efforts have since continued to push the boundaries of recurrent language models and encoder-decoder architectures [38, 24, 15]. Recurrent models typically factor computation along the symbol positions of the input and output sequences.",100
attention_is_all_you_need.pdf_chunk_6,attention_is_all_you_need.pdf,6,"Recurrent models typically factor computation along the symbol positions of the input and output sequences. Aligning the positions to steps in computation time, they generate a sequence of hidden states ht, as a function of the previous hidden state ht−1 and the input for position t. This inherently sequential nature precludes parallelization within training examples, which becomes critical at longer sequence lengths, as memory constraints limit batching across examples. Recent work has achieved significant improvements in computational efficiency through factorization tricks [21] and conditional computation [32], while also improving model performance in case of the latter. The fundamental constraint of sequential computation, however, remains. Attention mechanisms have become an integral part of compelling sequence modeling and transduc- tion models in various tasks, allowing modeling of dependencies without regard to their distance in the input or output sequences [2, 19].",139
attention_is_all_you_need.pdf_chunk_7,attention_is_all_you_need.pdf,7,"Attention mechanisms have become an integral part of compelling sequence modeling and transduc- tion models in various tasks, allowing modeling of dependencies without regard to their distance in the input or output sequences [2, 19]. In all but a few cases [27], however, such attention mechanisms are used in conjunction with a recurrent network. In this work we propose the Transformer, a model architecture eschewing recurrence and instead relying entirely on an attention mechanism to draw global dependencies between input and output. The Transformer allows for significantly more parallelization and can reach a new state of the art in translation quality after being trained for as little as twelve hours on eight P100 GPUs. Background The goal of reducing sequential computation also forms the foundation of the Extended Neural GPU [16], ByteNet [18] and ConvS2S [9], all of which use convolutional neural networks as basic building block, computing hidden representations in parallel for all input and output positions.",158
attention_is_all_you_need.pdf_chunk_8,attention_is_all_you_need.pdf,8,"Background The goal of reducing sequential computation also forms the foundation of the Extended Neural GPU [16], ByteNet [18] and ConvS2S [9], all of which use convolutional neural networks as basic building block, computing hidden representations in parallel for all input and output positions. In these models, the number of operations required to relate signals from two arbitrary input or output positions grows in the distance between positions, linearly for ConvS2S and logarithmically for ByteNet. This makes it more difficult to learn dependencies between distant positions [12]. In the Transformer this is reduced to a constant number of operations, albeit at the cost of reduced effective resolution due to averaging attention-weighted positions, an effect we counteract with Multi-Head Attention as described in section 3.2. Self-attention, sometimes called intra-attention is an attention mechanism relating different positions of a single sequence in order to compute a representation of the sequence.",148
attention_is_all_you_need.pdf_chunk_9,attention_is_all_you_need.pdf,9,"Self-attention, sometimes called intra-attention is an attention mechanism relating different positions of a single sequence in order to compute a representation of the sequence. Self-attention has been used successfully in a variety of tasks including reading comprehension, abstractive summarization, textual entailment and learning task-independent sentence representations [4, 27, 28, 22]. End-to-end memory networks are based on a recurrent attention mechanism instead of sequence- aligned recurrence and have been shown to perform well on simple-language question answering and language modeling tasks [34]. To the best of our knowledge, however, the Transformer is the first transduction model relying entirely on self-attention to compute representations of its input and output without using sequence- aligned RNNs or convolution. In the following sections, we will describe the Transformer, motivate self-attention and discuss its advantages over models such as [17, 18] and [9].",137
attention_is_all_you_need.pdf_chunk_10,attention_is_all_you_need.pdf,10,"In the following sections, we will describe the Transformer, motivate self-attention and discuss its advantages over models such as [17, 18] and [9]. Model Architecture Most competitive neural sequence transduction models have an encoder-decoder structure [5, 2, 35]. Here, the encoder maps an input sequence of symbol representations (x1, ..., xn) to a sequence of continuous representations z = (z1, ..., zn). Given z, the decoder then generates an output sequence (y1, ..., ym) of symbols one element at a time. At each step the model is auto-regressive [10], consuming the previously generated symbols as additional input when generating the next.",101
attention_is_all_you_need.pdf_chunk_11,attention_is_all_you_need.pdf,11,"At each step the model is auto-regressive [10], consuming the previously generated symbols as additional input when generating the next. Figure 1: The Transformer - model architecture. The Transformer follows this overall architecture using stacked self-attention and point-wise, fully connected layers for both the encoder and decoder, shown in the left and right halves of Figure 1, respectively. 3.1 Encoder and Decoder Stacks Encoder: The encoder is composed of a stack of N = 6 identical layers. Each layer has two sub-layers.",82
attention_is_all_you_need.pdf_chunk_12,attention_is_all_you_need.pdf,12,"Each layer has two sub-layers. The first is a multi-head self-attention mechanism, and the second is a simple, position- wise fully connected feed-forward network. We employ a residual connection [11] around each of the two sub-layers, followed by layer normalization [1]. That is, the output of each sub-layer is LayerNorm(x + Sublayer(x)), where Sublayer(x) is the function implemented by the sub-layer itself. To facilitate these residual connections, all sub-layers in the model, as well as the embedding layers, produce outputs of dimension dmodel = 512.",85
attention_is_all_you_need.pdf_chunk_13,attention_is_all_you_need.pdf,13,"To facilitate these residual connections, all sub-layers in the model, as well as the embedding layers, produce outputs of dimension dmodel = 512. Decoder: The decoder is also composed of a stack of N = 6 identical layers. In addition to the two sub-layers in each encoder layer, the decoder inserts a third sub-layer, which performs multi-head attention over the output of the encoder stack. Similar to the encoder, we employ residual connections around each of the sub-layers, followed by layer normalization. We also modify the self-attention sub-layer in the decoder stack to prevent positions from attending to subsequent positions.",100
attention_is_all_you_need.pdf_chunk_14,attention_is_all_you_need.pdf,14,"We also modify the self-attention sub-layer in the decoder stack to prevent positions from attending to subsequent positions. This masking, combined with fact that the output embeddings are offset by one position, ensures that the predictions for position i can depend only on the known outputs at positions less than i. 3.2 Attention An attention function can be described as mapping a query and a set of key-value pairs to an output, where the query, keys, values, and output are all vectors. The output is computed as a weighted sum Scaled Dot-Product Attention Multi-Head Attention Figure 2: (left) Scaled Dot-Product Attention. (right) Multi-Head Attention consists of several attention layers running in parallel.",112
attention_is_all_you_need.pdf_chunk_15,attention_is_all_you_need.pdf,15,"(right) Multi-Head Attention consists of several attention layers running in parallel. of the values, where the weight assigned to each value is computed by a compatibility function of the query with the corresponding key. 3.2.1 Scaled Dot-Product Attention We call our particular attention ""Scaled Dot-Product Attention"" (Figure 2). The input consists of queries and keys of dimension dk, and values of dimension dv. We compute the dot products of the query with all keys, divide each by √dk, and apply a softmax function to obtain the weights on the values.",90
attention_is_all_you_need.pdf_chunk_16,attention_is_all_you_need.pdf,16,"We compute the dot products of the query with all keys, divide each by √dk, and apply a softmax function to obtain the weights on the values. In practice, we compute the attention function on a set of queries simultaneously, packed together into a matrix Q. The keys and values are also packed together into matrices K and V . We compute the matrix of outputs as: Attention(Q, K, V ) = softmax(QKT √dk )V (1) The two most commonly used attention functions are additive attention [2], and dot-product (multi- plicative) attention. Dot-product attention is identical to our algorithm, except for the scaling factor of √dk .",107
attention_is_all_you_need.pdf_chunk_17,attention_is_all_you_need.pdf,17,"Dot-product attention is identical to our algorithm, except for the scaling factor of √dk . Additive attention computes the compatibility function using a feed-forward network with a single hidden layer. While the two are similar in theoretical complexity, dot-product attention is much faster and more space-efficient in practice, since it can be implemented using highly optimized matrix multiplication code. While for small values of dk the two mechanisms perform similarly, additive attention outperforms dot product attention without scaling for larger values of dk [3]. We suspect that for large values of dk, the dot products grow large in magnitude, pushing the softmax function into regions where it has extremely small gradients 4.",112
attention_is_all_you_need.pdf_chunk_18,attention_is_all_you_need.pdf,18,"We suspect that for large values of dk, the dot products grow large in magnitude, pushing the softmax function into regions where it has extremely small gradients 4. To counteract this effect, we scale the dot products by √dk . 3.2.2 Multi-Head Attention Instead of performing a single attention function with dmodel-dimensional keys, values and queries, we found it beneficial to linearly project the queries, keys and values h times with different, learned linear projections to dk, dk and dv dimensions, respectively. On each of these projected versions of queries, keys and values we then perform the attention function in parallel, yielding dv-dimensional 4To illustrate why the dot products get large, assume that the components of q and k are independent random variables with mean 0 and variance 1. Then their dot product, q · k = Pdk i=1 qiki, has mean 0 and variance dk.",146
attention_is_all_you_need.pdf_chunk_19,attention_is_all_you_need.pdf,19,"Then their dot product, q · k = Pdk i=1 qiki, has mean 0 and variance dk. output values. These are concatenated and once again projected, resulting in the final values, as depicted in Figure 2. Multi-head attention allows the model to jointly attend to information from different representation subspaces at different positions. With a single attention head, averaging inhibits this.",61
attention_is_all_you_need.pdf_chunk_20,attention_is_all_you_need.pdf,20,"With a single attention head, averaging inhibits this. MultiHead(Q, K, V ) = Concat(head1, ..., headh)W O where headi = Attention(QW Q i , KW K i , V W V i ) Where the projections are parameter matrices W Q i ∈Rdmodel×dk, W K i ∈Rdmodel×dk, W V i ∈Rdmodel×dv and W O ∈Rhdv×dmodel. In this work we employ h = 8 parallel attention layers, or heads. For each of these we use dk = dv = dmodel/h = 64. Due to the reduced dimension of each head, the total computational cost is similar to that of single-head attention with full dimensionality.",103
attention_is_all_you_need.pdf_chunk_21,attention_is_all_you_need.pdf,21,"Due to the reduced dimension of each head, the total computational cost is similar to that of single-head attention with full dimensionality. 3.2.3 Applications of Attention in our Model The Transformer uses multi-head attention in three different ways: • In ""encoder-decoder attention"" layers, the queries come from the previous decoder layer, and the memory keys and values come from the output of the encoder. This allows every position in the decoder to attend over all positions in the input sequence. This mimics the typical encoder-decoder attention mechanisms in sequence-to-sequence models such as [38, 2, 9]. • The encoder contains self-attention layers.",101
attention_is_all_you_need.pdf_chunk_22,attention_is_all_you_need.pdf,22,"• The encoder contains self-attention layers. In a self-attention layer all of the keys, values and queries come from the same place, in this case, the output of the previous layer in the encoder. Each position in the encoder can attend to all positions in the previous layer of the encoder. • Similarly, self-attention layers in the decoder allow each position in the decoder to attend to all positions in the decoder up to and including that position. We need to prevent leftward information flow in the decoder to preserve the auto-regressive property.",93
attention_is_all_you_need.pdf_chunk_23,attention_is_all_you_need.pdf,23,"We need to prevent leftward information flow in the decoder to preserve the auto-regressive property. We implement this inside of scaled dot-product attention by masking out (setting to −∞) all values in the input of the softmax which correspond to illegal connections. See Figure 2. 3.3 Position-wise Feed-Forward Networks In addition to attention sub-layers, each of the layers in our encoder and decoder contains a fully connected feed-forward network, which is applied to each position separately and identically. This consists of two linear transformations with a ReLU activation in between.",90
attention_is_all_you_need.pdf_chunk_24,attention_is_all_you_need.pdf,24,"This consists of two linear transformations with a ReLU activation in between. FFN(x) = max(0, xW1 + b1)W2 + b2 (2) While the linear transformations are the same across different positions, they use different parameters from layer to layer. Another way of describing this is as two convolutions with kernel size 1. The dimensionality of input and output is dmodel = 512, and the inner-layer has dimensionality dff = 2048. 3.4 Embeddings and Softmax Similarly to other sequence transduction models, we use learned embeddings to convert the input tokens and output tokens to vectors of dimension dmodel.",97
attention_is_all_you_need.pdf_chunk_25,attention_is_all_you_need.pdf,25,"3.4 Embeddings and Softmax Similarly to other sequence transduction models, we use learned embeddings to convert the input tokens and output tokens to vectors of dimension dmodel. We also use the usual learned linear transfor- mation and softmax function to convert the decoder output to predicted next-token probabilities. In our model, we share the same weight matrix between the two embedding layers and the pre-softmax linear transformation, similar to [30]. In the embedding layers, we multiply those weights by √dmodel. Table 1: Maximum path lengths, per-layer complexity and minimum number of sequential operations for different layer types.",97
attention_is_all_you_need.pdf_chunk_26,attention_is_all_you_need.pdf,26,"Table 1: Maximum path lengths, per-layer complexity and minimum number of sequential operations for different layer types. n is the sequence length, d is the representation dimension, k is the kernel size of convolutions and r the size of the neighborhood in restricted self-attention. Layer Type Complexity per Layer Sequential Maximum Path Length Operations Self-Attention O(n2 · d) O(1) O(1) Recurrent O(n · d2) O(n) O(n) Convolutional O(k · n · d2) O(1) O(logk(n)) Self-Attention (restricted) O(r · n · d) O(1) O(n/r) 3.5 Positional Encoding Since our model contains no recurrence and no convolution, in order for the model to make use of the order of the sequence, we must inject some information about the relative or absolute position of the tokens in the sequence. To this end, we add ""positional encodings"" to the input embeddings at the bottoms of the encoder and decoder stacks. The positional encodings have the same dimension dmodel as the embeddings, so that the two can be summed.",164
attention_is_all_you_need.pdf_chunk_27,attention_is_all_you_need.pdf,27,"The positional encodings have the same dimension dmodel as the embeddings, so that the two can be summed. There are many choices of positional encodings, learned and fixed [9]. In this work, we use sine and cosine functions of different frequencies: PE(pos,2i) = sin(pos/100002i/dmodel) PE(pos,2i+1) = cos(pos/100002i/dmodel) where pos is the position and i is the dimension. That is, each dimension of the positional encoding corresponds to a sinusoid. The wavelengths form a geometric progression from 2π to 10000 · 2π.",81
attention_is_all_you_need.pdf_chunk_28,attention_is_all_you_need.pdf,28,"The wavelengths form a geometric progression from 2π to 10000 · 2π. We chose this function because we hypothesized it would allow the model to easily learn to attend by relative positions, since for any fixed offset k, PEpos+k can be represented as a linear function of PEpos. We also experimented with using learned positional embeddings [9] instead, and found that the two versions produced nearly identical results (see Table 3 row (E)). We chose the sinusoidal version because it may allow the model to extrapolate to sequence lengths longer than the ones encountered during training. Why Self-Attention In this section we compare various aspects of self-attention layers to the recurrent and convolu- tional layers commonly used for mapping one variable-length sequence of symbol representations (x1, ..., xn) to another sequence of equal length (z1, ..., zn), with xi, zi ∈Rd, such as a hidden layer in a typical sequence transduction encoder or decoder.",154
attention_is_all_you_need.pdf_chunk_29,attention_is_all_you_need.pdf,29,"Why Self-Attention In this section we compare various aspects of self-attention layers to the recurrent and convolu- tional layers commonly used for mapping one variable-length sequence of symbol representations (x1, ..., xn) to another sequence of equal length (z1, ..., zn), with xi, zi ∈Rd, such as a hidden layer in a typical sequence transduction encoder or decoder. Motivating our use of self-attention we consider three desiderata. One is the total computational complexity per layer. Another is the amount of computation that can be parallelized, as measured by the minimum number of sequential operations required. The third is the path length between long-range dependencies in the network.",107
attention_is_all_you_need.pdf_chunk_30,attention_is_all_you_need.pdf,30,"The third is the path length between long-range dependencies in the network. Learning long-range dependencies is a key challenge in many sequence transduction tasks. One key factor affecting the ability to learn such dependencies is the length of the paths forward and backward signals have to traverse in the network. The shorter these paths between any combination of positions in the input and output sequences, the easier it is to learn long-range dependencies [12]. Hence we also compare the maximum path length between any two input and output positions in networks composed of the different layer types.",97
attention_is_all_you_need.pdf_chunk_31,attention_is_all_you_need.pdf,31,"Hence we also compare the maximum path length between any two input and output positions in networks composed of the different layer types. As noted in Table 1, a self-attention layer connects all positions with a constant number of sequentially executed operations, whereas a recurrent layer requires O(n) sequential operations. In terms of computational complexity, self-attention layers are faster than recurrent layers when the sequence length n is smaller than the representation dimensionality d, which is most often the case with sentence representations used by state-of-the-art models in machine translations, such as word-piece [38] and byte-pair [31] representations. To improve computational performance for tasks involving very long sequences, self-attention could be restricted to considering only a neighborhood of size r in the input sequence centered around the respective output position. This would increase the maximum path length to O(n/r).",139
attention_is_all_you_need.pdf_chunk_32,attention_is_all_you_need.pdf,32,"This would increase the maximum path length to O(n/r). We plan to investigate this approach further in future work. A single convolutional layer with kernel width k < n does not connect all pairs of input and output positions. Doing so requires a stack of O(n/k) convolutional layers in the case of contiguous kernels, or O(logk(n)) in the case of dilated convolutions [18], increasing the length of the longest paths between any two positions in the network. Convolutional layers are generally more expensive than recurrent layers, by a factor of k. Separable convolutions [6], however, decrease the complexity considerably, to O(k · n · d + n · d2).",109
attention_is_all_you_need.pdf_chunk_33,attention_is_all_you_need.pdf,33,"Convolutional layers are generally more expensive than recurrent layers, by a factor of k. Separable convolutions [6], however, decrease the complexity considerably, to O(k · n · d + n · d2). Even with k = n, however, the complexity of a separable convolution is equal to the combination of a self-attention layer and a point-wise feed-forward layer, the approach we take in our model. As side benefit, self-attention could yield more interpretable models. We inspect attention distributions from our models and present and discuss examples in the appendix. Not only do individual attention heads clearly learn to perform different tasks, many appear to exhibit behavior related to the syntactic and semantic structure of the sentences.",116
attention_is_all_you_need.pdf_chunk_34,attention_is_all_you_need.pdf,34,"Not only do individual attention heads clearly learn to perform different tasks, many appear to exhibit behavior related to the syntactic and semantic structure of the sentences. Training This section describes the training regime for our models. 5.1 Training Data and Batching We trained on the standard WMT 2014 English-German dataset consisting of about 4.5 million sentence pairs. Sentences were encoded using byte-pair encoding [3], which has a shared source- target vocabulary of about 37000 tokens. For English-French, we used the significantly larger WMT 2014 English-French dataset consisting of 36M sentences and split tokens into a 32000 word-piece vocabulary [38].",100
attention_is_all_you_need.pdf_chunk_35,attention_is_all_you_need.pdf,35,"For English-French, we used the significantly larger WMT 2014 English-French dataset consisting of 36M sentences and split tokens into a 32000 word-piece vocabulary [38]. Sentence pairs were batched together by approximate sequence length. Each training batch contained a set of sentence pairs containing approximately 25000 source tokens and 25000 target tokens. 5.2 Hardware and Schedule We trained our models on one machine with 8 NVIDIA P100 GPUs. For our base models using the hyperparameters described throughout the paper, each training step took about 0.4 seconds.",85
attention_is_all_you_need.pdf_chunk_36,attention_is_all_you_need.pdf,36,"For our base models using the hyperparameters described throughout the paper, each training step took about 0.4 seconds. We trained the base models for a total of 100,000 steps or 12 hours. For our big models,(described on the bottom line of table 3), step time was 1.0 seconds. The big models were trained for 300,000 steps (3.5 days). 5.3 Optimizer We used the Adam optimizer [20] with β1 = 0.9, β2 = 0.98 and ϵ = 10−9.",77
attention_is_all_you_need.pdf_chunk_37,attention_is_all_you_need.pdf,37,"5.3 Optimizer We used the Adam optimizer [20] with β1 = 0.9, β2 = 0.98 and ϵ = 10−9. We varied the learning rate over the course of training, according to the formula: lrate = d−0.5 model · min(step_num−0.5, step_num · warmup_steps−1.5) (3) This corresponds to increasing the learning rate linearly for the first warmup_steps training steps, and decreasing it thereafter proportionally to the inverse square root of the step number. We used warmup_steps = 4000. 5.4 Regularization We employ three types of regularization during training: Table 2: The Transformer achieves better BLEU scores than previous state-of-the-art models on the English-to-German and English-to-French newstest2014 tests at a fraction of the training cost. Model BLEU Training Cost (FLOPs) EN-DE EN-FR EN-DE EN-FR ByteNet [18] 23.75 Deep-Att + PosUnk [39] 39.2 1.0 · 1020 GNMT + RL [38] 24.6 39.92 2.3 · 1019 1.4 · 1020 ConvS2S [9] 25.16 40.46 9.6 · 1018 1.5 · 1020 MoE [32] 26.03 40.56 2.0 · 1019 1.2 · 1020 Deep-Att + PosUnk Ensemble [39] 40.4 8.0 · 1020 GNMT + RL Ensemble [38] 26.30 41.16 1.8 · 1020 1.1 · 1021 ConvS2S Ensemble [9] 26.36 41.29 7.7 · 1019 1.2 · 1021 Transformer (base model) 27.3 38.1 3.3 · 1018 Transformer (big) 28.4 41.8 2.3 · 1019 Residual Dropout We apply dropout [33] to the output of each sub-layer, before it is added to the sub-layer input and normalized.",234
attention_is_all_you_need.pdf_chunk_38,attention_is_all_you_need.pdf,38,"Model BLEU Training Cost (FLOPs) EN-DE EN-FR EN-DE EN-FR ByteNet [18] 23.75 Deep-Att + PosUnk [39] 39.2 1.0 · 1020 GNMT + RL [38] 24.6 39.92 2.3 · 1019 1.4 · 1020 ConvS2S [9] 25.16 40.46 9.6 · 1018 1.5 · 1020 MoE [32] 26.03 40.56 2.0 · 1019 1.2 · 1020 Deep-Att + PosUnk Ensemble [39] 40.4 8.0 · 1020 GNMT + RL Ensemble [38] 26.30 41.16 1.8 · 1020 1.1 · 1021 ConvS2S Ensemble [9] 26.36 41.29 7.7 · 1019 1.2 · 1021 Transformer (base model) 27.3 38.1 3.3 · 1018 Transformer (big) 28.4 41.8 2.3 · 1019 Residual Dropout We apply dropout [33] to the output of each sub-layer, before it is added to the sub-layer input and normalized. In addition, we apply dropout to the sums of the embeddings and the positional encodings in both the encoder and decoder stacks. For the base model, we use a rate of Pdrop = 0.1. Label Smoothing During training, we employed label smoothing of value ϵls = 0.1 [36]. This hurts perplexity, as the model learns to be more unsure, but improves accuracy and BLEU score.",187
attention_is_all_you_need.pdf_chunk_39,attention_is_all_you_need.pdf,39,"This hurts perplexity, as the model learns to be more unsure, but improves accuracy and BLEU score. Results 6.1 Machine Translation On the WMT 2014 English-to-German translation task, the big transformer model (Transformer (big) in Table 2) outperforms the best previously reported models (including ensembles) by more than 2.0 BLEU, establishing a new state-of-the-art BLEU score of 28.4. The configuration of this model is listed in the bottom line of Table 3. Training took 3.5 days on 8 P100 GPUs. Even our base model surpasses all previously published models and ensembles, at a fraction of the training cost of any of the competitive models.",104
attention_is_all_you_need.pdf_chunk_40,attention_is_all_you_need.pdf,40,"Even our base model surpasses all previously published models and ensembles, at a fraction of the training cost of any of the competitive models. On the WMT 2014 English-to-French translation task, our big model achieves a BLEU score of 41.0, outperforming all of the previously published single models, at less than 1/4 the training cost of the previous state-of-the-art model. The Transformer (big) model trained for English-to-French used dropout rate Pdrop = 0.1, instead of 0.3. For the base models, we used a single model obtained by averaging the last 5 checkpoints, which were written at 10-minute intervals. For the big models, we averaged the last 20 checkpoints.",108
attention_is_all_you_need.pdf_chunk_41,attention_is_all_you_need.pdf,41,"For the big models, we averaged the last 20 checkpoints. We used beam search with a beam size of 4 and length penalty α = 0.6 [38]. These hyperparameters were chosen after experimentation on the development set. We set the maximum output length during inference to input length + 50, but terminate early when possible [38]. Table 2 summarizes our results and compares our translation quality and training costs to other model architectures from the literature.",76
attention_is_all_you_need.pdf_chunk_42,attention_is_all_you_need.pdf,42,"Table 2 summarizes our results and compares our translation quality and training costs to other model architectures from the literature. We estimate the number of floating point operations used to train a model by multiplying the training time, the number of GPUs used, and an estimate of the sustained single-precision floating-point capacity of each GPU 5. 6.2 Model Variations To evaluate the importance of different components of the Transformer, we varied our base model in different ways, measuring the change in performance on English-to-German translation on the 5We used values of 2.8, 3.7, 6.0 and 9.5 TFLOPS for K80, K40, M40 and P100, respectively. Table 3: Variations on the Transformer architecture. Unlisted values are identical to those of the base model.",121
attention_is_all_you_need.pdf_chunk_43,attention_is_all_you_need.pdf,43,"Unlisted values are identical to those of the base model. All metrics are on the English-to-German translation development set, newstest2013. Listed perplexities are per-wordpiece, according to our byte-pair encoding, and should not be compared to per-word perplexities. N dmodel dff h dk dv Pdrop ϵls train PPL BLEU params steps (dev) (dev) ×106 base 512 8 64 0.1 0.1 100K 4.92 25.8 (A) 512 5.29 24.9 128 5.00 25.5 32 4.91 25.8 16 5.01 25.4 (B) 5.16 25.1 32 5.01 25.4 (C) 6.11 23.7 4 5.19 25.3 8 4.88 25.5 256 32 5.75 24.5 1024 128 4.66 26.0 1024 5.12 25.4 4096 4.75 26.2 (D) 0.0 5.77 24.6 0.2 4.95 25.5 0.0 4.67 25.3 0.2 5.47 25.7 (E) positional embedding instead of sinusoids 4.92 25.7 big 1024 16 0.3 300K 4.33 26.4 development set, newstest2013. We used beam search as described in the previous section, but no checkpoint averaging.",149
attention_is_all_you_need.pdf_chunk_44,attention_is_all_you_need.pdf,44,"We used beam search as described in the previous section, but no checkpoint averaging. We present these results in Table 3. In Table 3 rows (A), we vary the number of attention heads and the attention key and value dimensions, keeping the amount of computation constant, as described in Section 3.2.2. While single-head attention is 0.9 BLEU worse than the best setting, quality also drops off with too many heads. In Table 3 rows (B), we observe that reducing the attention key size dk hurts model quality.",87
attention_is_all_you_need.pdf_chunk_45,attention_is_all_you_need.pdf,45,"In Table 3 rows (B), we observe that reducing the attention key size dk hurts model quality. This suggests that determining compatibility is not easy and that a more sophisticated compatibility function than dot product may be beneficial. We further observe in rows (C) and (D) that, as expected, bigger models are better, and dropout is very helpful in avoiding over-fitting. In row (E) we replace our sinusoidal positional encoding with learned positional embeddings [9], and observe nearly identical results to the base model. 6.3 English Constituency Parsing To evaluate if the Transformer can generalize to other tasks we performed experiments on English constituency parsing.",105
attention_is_all_you_need.pdf_chunk_46,attention_is_all_you_need.pdf,46,"6.3 English Constituency Parsing To evaluate if the Transformer can generalize to other tasks we performed experiments on English constituency parsing. This task presents specific challenges: the output is subject to strong structural constraints and is significantly longer than the input. Furthermore, RNN sequence-to-sequence models have not been able to attain state-of-the-art results in small-data regimes [37]. We trained a 4-layer transformer with dmodel = 1024 on the Wall Street Journal (WSJ) portion of the Penn Treebank [25], about 40K training sentences. We also trained it in a semi-supervised setting, using the larger high-confidence and BerkleyParser corpora from with approximately 17M sentences [37].",103
attention_is_all_you_need.pdf_chunk_47,attention_is_all_you_need.pdf,47,"We also trained it in a semi-supervised setting, using the larger high-confidence and BerkleyParser corpora from with approximately 17M sentences [37]. We used a vocabulary of 16K tokens for the WSJ only setting and a vocabulary of 32K tokens for the semi-supervised setting. We performed only a small number of experiments to select the dropout, both attention and residual (section 5.4), learning rates and beam size on the Section 22 development set, all other parameters remained unchanged from the English-to-German base translation model. During inference, we Table 4: The Transformer generalizes well to English constituency parsing (Results are on Section 23 of WSJ) Parser Training WSJ 23 F1 Vinyals & Kaiser el al. (2014) [37] WSJ only, discriminative 88.3 Petrov et al.",122
attention_is_all_you_need.pdf_chunk_48,attention_is_all_you_need.pdf,48,"(2014) [37] WSJ only, discriminative 88.3 Petrov et al. (2006) [29] WSJ only, discriminative 90.4 Zhu et al. (2013) [40] WSJ only, discriminative 90.4 Dyer et al. (2016) [8] WSJ only, discriminative 91.7 Transformer (4 layers) WSJ only, discriminative 91.3 Zhu et al. (2013) [40] semi-supervised 91.3 Huang & Harper (2009) [14] semi-supervised 91.3 McClosky et al.",57
attention_is_all_you_need.pdf_chunk_49,attention_is_all_you_need.pdf,49,(2013) [40] semi-supervised 91.3 Huang & Harper (2009) [14] semi-supervised 91.3 McClosky et al. (2006) [26] semi-supervised 92.1 Vinyals & Kaiser el al. (2014) [37] semi-supervised 92.1 Transformer (4 layers) semi-supervised 92.7 Luong et al. (2015) [23] multi-task 93.0 Dyer et al. (2016) [8] generative 93.3 increased the maximum output length to input length + 300.,56
attention_is_all_you_need.pdf_chunk_50,attention_is_all_you_need.pdf,50,"(2016) [8] generative 93.3 increased the maximum output length to input length + 300. We used a beam size of 21 and α = 0.3 for both WSJ only and the semi-supervised setting. Our results in Table 4 show that despite the lack of task-specific tuning our model performs sur- prisingly well, yielding better results than all previously reported models with the exception of the Recurrent Neural Network Grammar [8]. In contrast to RNN sequence-to-sequence models [37], the Transformer outperforms the Berkeley- Parser [29] even when training only on the WSJ training set of 40K sentences. Conclusion In this work, we presented the Transformer, the first sequence transduction model based entirely on attention, replacing the recurrent layers most commonly used in encoder-decoder architectures with multi-headed self-attention.",126
attention_is_all_you_need.pdf_chunk_51,attention_is_all_you_need.pdf,51,"Conclusion In this work, we presented the Transformer, the first sequence transduction model based entirely on attention, replacing the recurrent layers most commonly used in encoder-decoder architectures with multi-headed self-attention. For translation tasks, the Transformer can be trained significantly faster than architectures based on recurrent or convolutional layers. On both WMT 2014 English-to-German and WMT 2014 English-to-French translation tasks, we achieve a new state of the art. In the former task our best model outperforms even all previously reported ensembles. We are excited about the future of attention-based models and plan to apply them to other tasks.",97
attention_is_all_you_need.pdf_chunk_52,attention_is_all_you_need.pdf,52,"We are excited about the future of attention-based models and plan to apply them to other tasks. We plan to extend the Transformer to problems involving input and output modalities other than text and to investigate local, restricted attention mechanisms to efficiently handle large inputs and outputs such as images, audio and video. Making generation less sequential is another research goals of ours. The code we used to train and evaluate our models is available at tensorflow/tensor2tensor. Acknowledgements We are grateful to Nal Kalchbrenner and Stephan Gouws for their fruitful comments, corrections and inspiration.",94
attention_is_all_you_need.pdf_chunk_53,attention_is_all_you_need.pdf,53,"Acknowledgements We are grateful to Nal Kalchbrenner and Stephan Gouws for their fruitful comments, corrections and inspiration.",17
bert.pdf_chunk_1,bert.pdf,1,"Abstract We introduce a new language representa- tion model called BERT, which stands for Bidirectional Encoder Representations from Transformers. Unlike recent language repre- sentation models (Peters et al., 2018a; Rad- ford et al., 2018), BERT is designed to pre- train deep bidirectional representations from unlabeled text by jointly conditioning on both left and right context in all layers. As a re- sult, the pre-trained BERT model can be ﬁne- tuned with just one additional output layer to create state-of-the-art models for a wide range of tasks, such as question answering and language inference, without substantial task- speciﬁc architecture modiﬁcations. BERT is conceptually simple and empirically powerful. It obtains new state-of-the-art re- sults on eleven natural language processing tasks, including pushing the GLUE score to 80.5% (7.7% point absolute improvement), MultiNLI accuracy to 86.7% (4.6% absolute improvement), SQuAD v1.1 question answer- ing Test F1 to 93.2 (1.5 point absolute im- provement) and SQuAD v2.0 Test F1 to 83.1 (5.1 point absolute improvement).",161
bert.pdf_chunk_2,bert.pdf,2,"It obtains new state-of-the-art re- sults on eleven natural language processing tasks, including pushing the GLUE score to 80.5% (7.7% point absolute improvement), MultiNLI accuracy to 86.7% (4.6% absolute improvement), SQuAD v1.1 question answer- ing Test F1 to 93.2 (1.5 point absolute im- provement) and SQuAD v2.0 Test F1 to 83.1 (5.1 point absolute improvement). Introduction Language model pre-training has been shown to be effective for improving many natural language processing tasks (Dai and Le, 2015; Peters et al., 2018a; Radford et al., 2018; Howard and Ruder, 2018). These include sentence-level tasks such as natural language inference (Bowman et al., 2015; Williams et al., 2018) and paraphrasing (Dolan and Brockett, 2005), which aim to predict the re- lationships between sentences by analyzing them holistically, as well as token-level tasks such as named entity recognition and question answering, where models are required to produce ﬁne-grained output at the token level (Tjong Kim Sang and De Meulder, 2003; Rajpurkar et al., 2016). There are two existing strategies for apply- ing pre-trained language representations to down- stream tasks: feature-based and ﬁne-tuning. The feature-based approach, such as ELMo (Peters et al., 2018a), uses task-speciﬁc architectures that include the pre-trained representations as addi- tional features.",200
bert.pdf_chunk_3,bert.pdf,3,"The feature-based approach, such as ELMo (Peters et al., 2018a), uses task-speciﬁc architectures that include the pre-trained representations as addi- tional features. The ﬁne-tuning approach, such as the Generative Pre-trained Transformer (OpenAI GPT) (Radford et al., 2018), introduces minimal task-speciﬁc parameters, and is trained on the downstream tasks by simply ﬁne-tuning all pre- trained parameters. The two approaches share the same objective function during pre-training, where they use unidirectional language models to learn general language representations. We argue that current techniques restrict the power of the pre-trained representations, espe- cially for the ﬁne-tuning approaches. The ma- jor limitation is that standard language models are unidirectional, and this limits the choice of archi- tectures that can be used during pre-training.",119
bert.pdf_chunk_4,bert.pdf,4,"The ma- jor limitation is that standard language models are unidirectional, and this limits the choice of archi- tectures that can be used during pre-training. For example, in OpenAI GPT, the authors use a left-to- right architecture, where every token can only at- tend to previous tokens in the self-attention layers of the Transformer (Vaswani et al., 2017). Such re- strictions are sub-optimal for sentence-level tasks, and could be very harmful when applying ﬁne- tuning based approaches to token-level tasks such as question answering, where it is crucial to incor- porate context from both directions. In this paper, we improve the ﬁne-tuning based approaches by proposing BERT: Bidirectional Encoder Representations from Transformers. BERT alleviates the previously mentioned unidi- rectionality constraint by using a “masked lan- guage model” (MLM) pre-training objective, in- spired by the Cloze task (Taylor, 1953).",138
bert.pdf_chunk_5,bert.pdf,5,"BERT alleviates the previously mentioned unidi- rectionality constraint by using a “masked lan- guage model” (MLM) pre-training objective, in- spired by the Cloze task (Taylor, 1953). The masked language model randomly masks some of the tokens from the input, and the objective is to predict the original vocabulary id of the masked arXiv:1810.04805v2 [cs.CL] 24 May 2019 word based only on its context. Unlike left-to- right language model pre-training, the MLM ob- jective enables the representation to fuse the left and the right context, which allows us to pre- train a deep bidirectional Transformer. In addi- tion to the masked language model, we also use a “next sentence prediction” task that jointly pre- trains text-pair representations. The contributions of our paper are as follows: • We demonstrate the importance of bidirectional pre-training for language representations.",135
bert.pdf_chunk_6,bert.pdf,6,"The contributions of our paper are as follows: • We demonstrate the importance of bidirectional pre-training for language representations. Un- like Radford et al. (2018), which uses unidirec- tional language models for pre-training, BERT uses masked language models to enable pre- trained deep bidirectional representations. This is also in contrast to Peters et al. (2018a), which uses a shallow concatenation of independently trained left-to-right and right-to-left LMs.",67
bert.pdf_chunk_7,bert.pdf,7,"(2018a), which uses a shallow concatenation of independently trained left-to-right and right-to-left LMs. • We show that pre-trained representations reduce the need for many heavily-engineered task- speciﬁc architectures. BERT is the ﬁrst ﬁne- tuning based representation model that achieves state-of-the-art performance on a large suite of sentence-level and token-level tasks, outper- forming many task-speciﬁc architectures. • BERT advances the state of the art for eleven NLP tasks. The code and pre-trained mod- els are available at google-research/bert.",77
bert.pdf_chunk_8,bert.pdf,8,"The code and pre-trained mod- els are available at google-research/bert. Related Work There is a long history of pre-training general lan- guage representations, and we brieﬂy review the most widely-used approaches in this section. 2.1 Unsupervised Feature-based Approaches Learning widely applicable representations of words has been an active area of research for decades, including non-neural (Brown et al., 1992; Ando and Zhang, 2005; Blitzer et al., 2006) and neural (Mikolov et al., 2013; Pennington et al., 2014) methods. Pre-trained word embeddings are an integral part of modern NLP systems, of- fering signiﬁcant improvements over embeddings learned from scratch (Turian et al., 2010). To pre- train word embedding vectors, left-to-right lan- guage modeling objectives have been used (Mnih and Hinton, 2009), as well as objectives to dis- criminate correct from incorrect words in left and right context (Mikolov et al., 2013).",140
bert.pdf_chunk_9,bert.pdf,9,"To pre- train word embedding vectors, left-to-right lan- guage modeling objectives have been used (Mnih and Hinton, 2009), as well as objectives to dis- criminate correct from incorrect words in left and right context (Mikolov et al., 2013). These approaches have been generalized to coarser granularities, such as sentence embed- dings (Kiros et al., 2015; Logeswaran and Lee, 2018) or paragraph embeddings (Le and Mikolov, 2014). To train sentence representations, prior work has used objectives to rank candidate next sentences (Jernite et al., 2017; Logeswaran and Lee, 2018), left-to-right generation of next sen- tence words given a representation of the previous sentence (Kiros et al., 2015), or denoising auto- encoder derived objectives (Hill et al., 2016). ELMo and its predecessor (Peters et al., 2017, 2018a) generalize traditional word embedding re- search along a different dimension. They extract context-sensitive features from a left-to-right and a right-to-left language model.",147
bert.pdf_chunk_10,bert.pdf,10,"They extract context-sensitive features from a left-to-right and a right-to-left language model. The contextual rep- resentation of each token is the concatenation of the left-to-right and right-to-left representations. When integrating contextual word embeddings with existing task-speciﬁc architectures, ELMo advances the state of the art for several major NLP benchmarks (Peters et al., 2018a) including ques- tion answering (Rajpurkar et al., 2016), sentiment analysis (Socher et al., 2013), and named entity recognition (Tjong Kim Sang and De Meulder, 2003). Melamud et al. (2016) proposed learning contextual representations through a task to pre- dict a single word from both left and right context using LSTMs.",103
bert.pdf_chunk_11,bert.pdf,11,"(2016) proposed learning contextual representations through a task to pre- dict a single word from both left and right context using LSTMs. Similar to ELMo, their model is feature-based and not deeply bidirectional. Fedus et al. (2018) shows that the cloze task can be used to improve the robustness of text generation mod- els. 2.2 Unsupervised Fine-tuning Approaches As with the feature-based approaches, the ﬁrst works in this direction only pre-trained word em- bedding parameters from unlabeled text (Col- lobert and Weston, 2008).",83
bert.pdf_chunk_12,bert.pdf,12,"2.2 Unsupervised Fine-tuning Approaches As with the feature-based approaches, the ﬁrst works in this direction only pre-trained word em- bedding parameters from unlabeled text (Col- lobert and Weston, 2008). More recently, sentence or document encoders which produce contextual token representations have been pre-trained from unlabeled text and ﬁne-tuned for a supervised downstream task (Dai and Le, 2015; Howard and Ruder, 2018; Radford et al., 2018). The advantage of these approaches is that few parameters need to be learned from scratch. At least partly due to this advantage, OpenAI GPT (Radford et al., 2018) achieved pre- viously state-of-the-art results on many sentence- level tasks from the GLUE benchmark (Wang et al., 2018a). Left-to-right language model- BERT BERT E[CLS] E1 E[SEP] ... EN E1’ ... EM’ C T1 T[SEP] ... TN T1’ ... TM’ [CLS] Tok 1 [SEP] ... Tok N Tok 1 ... TokM Question Paragraph Start/End Span BERT E[CLS] E1 E[SEP] ... EN E1’ ... EM’ C T1 T[SEP] ... TN T1’ ... TM’ [CLS] Tok 1 [SEP] ... Tok N Tok 1 ... TokM Masked Sentence A Masked Sentence B Pre-training Fine-Tuning NSP Mask LM Mask LM Unlabeled Sentence A and B Pair SQuAD Question Answer Pair NER MNLI Figure 1: Overall pre-training and ﬁne-tuning procedures for BERT.",209
bert.pdf_chunk_13,bert.pdf,13,"Left-to-right language model- BERT BERT E[CLS] E1 E[SEP] ... EN E1’ ... EM’ C T1 T[SEP] ... TN T1’ ... TM’ [CLS] Tok 1 [SEP] ... Tok N Tok 1 ... TokM Question Paragraph Start/End Span BERT E[CLS] E1 E[SEP] ... EN E1’ ... EM’ C T1 T[SEP] ... TN T1’ ... TM’ [CLS] Tok 1 [SEP] ... Tok N Tok 1 ... TokM Masked Sentence A Masked Sentence B Pre-training Fine-Tuning NSP Mask LM Mask LM Unlabeled Sentence A and B Pair SQuAD Question Answer Pair NER MNLI Figure 1: Overall pre-training and ﬁne-tuning procedures for BERT. Apart from output layers, the same architec- tures are used in both pre-training and ﬁne-tuning. The same pre-trained model parameters are used to initialize models for different down-stream tasks. During ﬁne-tuning, all parameters are ﬁne-tuned. [CLS] is a special symbol added in front of every input example, and [SEP] is a special separator token (e.g.",153
bert.pdf_chunk_14,bert.pdf,14,"[CLS] is a special symbol added in front of every input example, and [SEP] is a special separator token (e.g. separating ques- tions/answers). ing and auto-encoder objectives have been used for pre-training such models (Howard and Ruder, 2018; Radford et al., 2018; Dai and Le, 2015). 2.3 Transfer Learning from Supervised Data There has also been work showing effective trans- fer from supervised tasks with large datasets, such as natural language inference (Conneau et al., 2017) and machine translation (McCann et al., 2017). Computer vision research has also demon- strated the importance of transfer learning from large pre-trained models, where an effective recipe is to ﬁne-tune models pre-trained with Ima- geNet (Deng et al., 2009; Yosinski et al., 2014).",119
bert.pdf_chunk_15,bert.pdf,15,"Computer vision research has also demon- strated the importance of transfer learning from large pre-trained models, where an effective recipe is to ﬁne-tune models pre-trained with Ima- geNet (Deng et al., 2009; Yosinski et al., 2014). BERT We introduce BERT and its detailed implementa- tion in this section. There are two steps in our framework: pre-training and ﬁne-tuning. Dur- ing pre-training, the model is trained on unlabeled data over different pre-training tasks. For ﬁne- tuning, the BERT model is ﬁrst initialized with the pre-trained parameters, and all of the param- eters are ﬁne-tuned using labeled data from the downstream tasks.",100
bert.pdf_chunk_16,bert.pdf,16,"For ﬁne- tuning, the BERT model is ﬁrst initialized with the pre-trained parameters, and all of the param- eters are ﬁne-tuned using labeled data from the downstream tasks. Each downstream task has sep- arate ﬁne-tuned models, even though they are ini- tialized with the same pre-trained parameters. The question-answering example in Figure 1 will serve as a running example for this section. A distinctive feature of BERT is its uniﬁed ar- chitecture across different tasks. There is mini- mal difference between the pre-trained architec- ture and the ﬁnal downstream architecture.",90
bert.pdf_chunk_17,bert.pdf,17,"There is mini- mal difference between the pre-trained architec- ture and the ﬁnal downstream architecture. Model Architecture BERT’s model architec- ture is a multi-layer bidirectional Transformer en- coder based on the original implementation de- scribed in Vaswani et al. (2017) and released in the tensor2tensor library.1 Because the use of Transformers has become common and our im- plementation is almost identical to the original, we will omit an exhaustive background descrip- tion of the model architecture and refer readers to Vaswani et al. (2017) as well as excellent guides such as “The Annotated Transformer.”2 In this work, we denote the number of layers (i.e., Transformer blocks) as L, the hidden size as H, and the number of self-attention heads as A.3 We primarily report results on two model sizes: BERTBASE (L=12, H=768, A=12, Total Param- eters=110M) and BERTLARGE (L=24, H=1024, A=16, Total Parameters=340M). BERTBASE was chosen to have the same model size as OpenAI GPT for comparison purposes.",158
bert.pdf_chunk_18,bert.pdf,18,"BERTBASE was chosen to have the same model size as OpenAI GPT for comparison purposes. Critically, however, the BERT Transformer uses bidirectional self-attention, while the GPT Trans- former uses constrained self-attention where every token can only attend to context to its left.4 2 3In all cases we set the feed-forward/ﬁlter size to be 4H, i.e., 3072 for the H = 768 and 4096 for the H = 1024. 4We note that in the literature the bidirectional Trans- Input/Output Representations To make BERT handle a variety of down-stream tasks, our input representation is able to unambiguously represent both a single sentence and a pair of sentences (e.g., ⟨Question, Answer ⟩) in one token sequence. Throughout this work, a “sentence” can be an arbi- trary span of contiguous text, rather than an actual linguistic sentence. A “sequence” refers to the in- put token sequence to BERT, which may be a sin- gle sentence or two sentences packed together.",156
bert.pdf_chunk_19,bert.pdf,19,"A “sequence” refers to the in- put token sequence to BERT, which may be a sin- gle sentence or two sentences packed together. We use WordPiece embeddings (Wu et al., 2016) with a 30,000 token vocabulary. The ﬁrst token of every sequence is always a special clas- siﬁcation token ([CLS]). The ﬁnal hidden state corresponding to this token is used as the ag- gregate sequence representation for classiﬁcation tasks. Sentence pairs are packed together into a single sequence.",78
bert.pdf_chunk_20,bert.pdf,20,"Sentence pairs are packed together into a single sequence. We differentiate the sentences in two ways. First, we separate them with a special token ([SEP]). Second, we add a learned embed- ding to every token indicating whether it belongs to sentence A or sentence B. As shown in Figure 1, we denote input embedding as E, the ﬁnal hidden vector of the special [CLS] token as C ∈RH, and the ﬁnal hidden vector for the ith input token as Ti ∈RH.",81
bert.pdf_chunk_21,bert.pdf,21,"As shown in Figure 1, we denote input embedding as E, the ﬁnal hidden vector of the special [CLS] token as C ∈RH, and the ﬁnal hidden vector for the ith input token as Ti ∈RH. For a given token, its input representation is constructed by summing the corresponding token, segment, and position embeddings. A visualiza- tion of this construction can be seen in Figure 2. 3.1 Pre-training BERT Unlike Peters et al. (2018a) and Radford et al.",78
bert.pdf_chunk_22,bert.pdf,22,"(2018a) and Radford et al. (2018), we do not use traditional left-to-right or right-to-left language models to pre-train BERT. Instead, we pre-train BERT using two unsuper- vised tasks, described in this section. This step is presented in the left part of Figure 1. Task #1: Masked LM Intuitively, it is reason- able to believe that a deep bidirectional model is strictly more powerful than either a left-to-right model or the shallow concatenation of a left-to- right and a right-to-left model.",80
bert.pdf_chunk_23,bert.pdf,23,"Task #1: Masked LM Intuitively, it is reason- able to believe that a deep bidirectional model is strictly more powerful than either a left-to-right model or the shallow concatenation of a left-to- right and a right-to-left model. Unfortunately, standard conditional language models can only be trained left-to-right or right-to-left, since bidirec- tional conditioning would allow each word to in- directly “see itself”, and the model could trivially predict the target word in a multi-layered context. former is often referred to as a “Transformer encoder” while the left-context-only version is referred to as a “Transformer decoder” since it can be used for text generation. In order to train a deep bidirectional representa- tion, we simply mask some percentage of the input tokens at random, and then predict those masked tokens. We refer to this procedure as a “masked LM” (MLM), although it is often referred to as a Cloze task in the literature (Taylor, 1953).",154
bert.pdf_chunk_24,bert.pdf,24,"We refer to this procedure as a “masked LM” (MLM), although it is often referred to as a Cloze task in the literature (Taylor, 1953). In this case, the ﬁnal hidden vectors corresponding to the mask tokens are fed into an output softmax over the vocabulary, as in a standard LM. In all of our experiments, we mask 15% of all WordPiece to- kens in each sequence at random. In contrast to denoising auto-encoders (Vincent et al., 2008), we only predict the masked words rather than recon- structing the entire input. Although this allows us to obtain a bidirec- tional pre-trained model, a downside is that we are creating a mismatch between pre-training and ﬁne-tuning, since the [MASK] token does not ap- pear during ﬁne-tuning.",125
bert.pdf_chunk_25,bert.pdf,25,"Although this allows us to obtain a bidirec- tional pre-trained model, a downside is that we are creating a mismatch between pre-training and ﬁne-tuning, since the [MASK] token does not ap- pear during ﬁne-tuning. To mitigate this, we do not always replace “masked” words with the ac- tual [MASK] token. The training data generator chooses 15% of the token positions at random for prediction. If the i-th token is chosen, we replace the i-th token with (1) the [MASK] token 80% of the time (2) a random token 10% of the time (3) the unchanged i-th token 10% of the time. Then, Ti will be used to predict the original token with cross entropy loss.",115
bert.pdf_chunk_26,bert.pdf,26,"Then, Ti will be used to predict the original token with cross entropy loss. We compare variations of this procedure in Appendix C.2. Task #2: Next Sentence Prediction (NSP) Many important downstream tasks such as Ques- tion Answering (QA) and Natural Language Infer- ence (NLI) are based on understanding the rela- tionship between two sentences, which is not di- rectly captured by language modeling. In order to train a model that understands sentence rela- tionships, we pre-train for a binarized next sen- tence prediction task that can be trivially gener- ated from any monolingual corpus. Speciﬁcally, when choosing the sentences A and B for each pre- training example, 50% of the time B is the actual next sentence that follows A (labeled as IsNext), and 50% of the time it is a random sentence from the corpus (labeled as NotNext).",140
bert.pdf_chunk_27,bert.pdf,27,"Speciﬁcally, when choosing the sentences A and B for each pre- training example, 50% of the time B is the actual next sentence that follows A (labeled as IsNext), and 50% of the time it is a random sentence from the corpus (labeled as NotNext). As we show in Figure 1, C is used for next sentence predic- tion (NSP).5 Despite its simplicity, we demon- strate in Section 5.1 that pre-training towards this task is very beneﬁcial to both QA and NLI. 6 5The ﬁnal model achieves 97%-98% accuracy on NSP. 6The vector C is not a meaningful sentence representation without ﬁne-tuning, since it was trained with NSP. [CLS] he likes play ##ing [SEP] my dog is cute [SEP] Input E[CLS] Ehe Elikes Eplay E##ing E[SEP] Emy Edog Eis Ecute E[SEP] Token Embeddings EA EB EB EB EB EB EA EA EA EA EA Segment Embeddings E0 E6 E7 E8 E9 E10 E1 E2 E3 E4 E5 Position Embeddings Figure 2: BERT input representation.",164
bert.pdf_chunk_28,bert.pdf,28,"[CLS] he likes play ##ing [SEP] my dog is cute [SEP] Input E[CLS] Ehe Elikes Eplay E##ing E[SEP] Emy Edog Eis Ecute E[SEP] Token Embeddings EA EB EB EB EB EB EA EA EA EA EA Segment Embeddings E0 E6 E7 E8 E9 E10 E1 E2 E3 E4 E5 Position Embeddings Figure 2: BERT input representation. The input embeddings are the sum of the token embeddings, the segmenta- tion embeddings and the position embeddings. The NSP task is closely related to representation- learning objectives used in Jernite et al. (2017) and Logeswaran and Lee (2018). However, in prior work, only sentence embeddings are transferred to down-stream tasks, where BERT transfers all pa- rameters to initialize end-task model parameters.",118
bert.pdf_chunk_29,bert.pdf,29,"However, in prior work, only sentence embeddings are transferred to down-stream tasks, where BERT transfers all pa- rameters to initialize end-task model parameters. Pre-training data The pre-training procedure largely follows the existing literature on language model pre-training. For the pre-training corpus we use the BooksCorpus (800M words) (Zhu et al., 2015) and English Wikipedia (2,500M words). For Wikipedia we extract only the text passages and ignore lists, tables, and headers. It is criti- cal to use a document-level corpus rather than a shufﬂed sentence-level corpus such as the Billion Word Benchmark (Chelba et al., 2013) in order to extract long contiguous sequences.",102
bert.pdf_chunk_30,bert.pdf,30,"It is criti- cal to use a document-level corpus rather than a shufﬂed sentence-level corpus such as the Billion Word Benchmark (Chelba et al., 2013) in order to extract long contiguous sequences. 3.2 Fine-tuning BERT Fine-tuning is straightforward since the self- attention mechanism in the Transformer al- lows BERT to model many downstream tasks— whether they involve single text or text pairs—by swapping out the appropriate inputs and outputs. For applications involving text pairs, a common pattern is to independently encode text pairs be- fore applying bidirectional cross attention, such as Parikh et al. (2016); Seo et al. (2017).",99
bert.pdf_chunk_31,bert.pdf,31,"(2017). BERT instead uses the self-attention mechanism to unify these two stages, as encoding a concatenated text pair with self-attention effectively includes bidi- rectional cross attention between two sentences. For each task, we simply plug in the task- speciﬁc inputs and outputs into BERT and ﬁne- tune all the parameters end-to-end. At the in- put, sentence A and sentence B from pre-training are analogous to (1) sentence pairs in paraphras- ing, (2) hypothesis-premise pairs in entailment, (3) question-passage pairs in question answering, and (4) a degenerate text-∅pair in text classiﬁcation or sequence tagging. At the output, the token rep- resentations are fed into an output layer for token- level tasks, such as sequence tagging or question answering, and the [CLS] representation is fed into an output layer for classiﬁcation, such as en- tailment or sentiment analysis.",136
bert.pdf_chunk_32,bert.pdf,32,"At the output, the token rep- resentations are fed into an output layer for token- level tasks, such as sequence tagging or question answering, and the [CLS] representation is fed into an output layer for classiﬁcation, such as en- tailment or sentiment analysis. Compared to pre-training, ﬁne-tuning is rela- tively inexpensive. All of the results in the pa- per can be replicated in at most 1 hour on a sin- gle Cloud TPU, or a few hours on a GPU, starting from the exact same pre-trained model.7 We de- scribe the task-speciﬁc details in the correspond- ing subsections of Section 4. More details can be found in Appendix A.5. Experiments In this section, we present BERT ﬁne-tuning re- sults on 11 NLP tasks.",123
bert.pdf_chunk_33,bert.pdf,33,"Experiments In this section, we present BERT ﬁne-tuning re- sults on 11 NLP tasks. 4.1 GLUE The General Language Understanding Evaluation (GLUE) benchmark (Wang et al., 2018a) is a col- lection of diverse natural language understanding tasks. Detailed descriptions of GLUE datasets are included in Appendix B.1. To ﬁne-tune on GLUE, we represent the input sequence (for single sentence or sentence pairs) as described in Section 3, and use the ﬁnal hid- den vector C ∈RH corresponding to the ﬁrst input token ([CLS]) as the aggregate representa- tion. The only new parameters introduced during ﬁne-tuning are classiﬁcation layer weights W ∈ RK×H, where K is the number of labels.",109
bert.pdf_chunk_34,bert.pdf,34,"The only new parameters introduced during ﬁne-tuning are classiﬁcation layer weights W ∈ RK×H, where K is the number of labels. We com- pute a standard classiﬁcation loss with C and W, i.e., log(softmax(CW T )). 7For example, the BERT SQuAD model can be trained in around 30 minutes on a single Cloud TPU to achieve a Dev F1 score of 91.0%. 8See (10) in System MNLI-(m/mm) QQP QNLI SST-2 CoLA STS-B MRPC RTE Average 392k 363k 108k 67k 8.5k 5.7k 3.5k 2.5k - Pre-OpenAI SOTA 80.6/80.1 66.1 82.3 93.2 35.0 81.0 86.0 61.7 74.0 BiLSTM+ELMo+Attn 76.4/76.1 64.8 79.8 90.4 36.0 73.3 84.9 56.8 71.0 OpenAI GPT 82.1/81.4 70.3 87.4 91.3 45.4 80.0 82.3 56.0 75.1 BERTBASE 84.6/83.4 71.2 90.5 93.5 52.1 85.8 88.9 66.4 79.6 BERTLARGE 86.7/85.9 72.1 92.7 94.9 60.5 86.5 89.3 70.1 82.1 Table 1: GLUE Test results, scored by the evaluation server ( The number below each task denotes the number of training examples. The “Average” column is slightly different than the ofﬁcial GLUE score, since we exclude the problematic WNLI set.8 BERT and OpenAI GPT are single- model, single task.",185
bert.pdf_chunk_35,bert.pdf,35,"The “Average” column is slightly different than the ofﬁcial GLUE score, since we exclude the problematic WNLI set.8 BERT and OpenAI GPT are single- model, single task. F1 scores are reported for QQP and MRPC, Spearman correlations are reported for STS-B, and accuracy scores are reported for the other tasks. We exclude entries that use BERT as one of their components. We use a batch size of 32 and ﬁne-tune for 3 epochs over the data for all GLUE tasks. For each task, we selected the best ﬁne-tuning learning rate (among 5e-5, 4e-5, 3e-5, and 2e-5) on the Dev set.",100
bert.pdf_chunk_36,bert.pdf,36,"For each task, we selected the best ﬁne-tuning learning rate (among 5e-5, 4e-5, 3e-5, and 2e-5) on the Dev set. Additionally, for BERTLARGE we found that ﬁne- tuning was sometimes unstable on small datasets, so we ran several random restarts and selected the best model on the Dev set. With random restarts, we use the same pre-trained checkpoint but per- form different ﬁne-tuning data shufﬂing and clas- siﬁer layer initialization.9 Results are presented in Table 1. Both BERTBASE and BERTLARGE outperform all sys- tems on all tasks by a substantial margin, obtaining 4.5% and 7.0% respective average accuracy im- provement over the prior state of the art. Note that BERTBASE and OpenAI GPT are nearly identical in terms of model architecture apart from the at- tention masking.",127
bert.pdf_chunk_37,bert.pdf,37,"Note that BERTBASE and OpenAI GPT are nearly identical in terms of model architecture apart from the at- tention masking. For the largest and most widely reported GLUE task, MNLI, BERT obtains a 4.6% absolute accuracy improvement. On the ofﬁcial GLUE leaderboard10, BERTLARGE obtains a score of 80.5, compared to OpenAI GPT, which obtains 72.8 as of the date of writing. We ﬁnd that BERTLARGE signiﬁcantly outper- forms BERTBASE across all tasks, especially those with very little training data. The effect of model size is explored more thoroughly in Section 5.2.",91
bert.pdf_chunk_38,bert.pdf,38,"The effect of model size is explored more thoroughly in Section 5.2. 4.2 SQuAD v1.1 The Stanford Question Answering Dataset (SQuAD v1.1) is a collection of 100k crowd- sourced question/answer pairs (Rajpurkar et al., 2016). Given a question and a passage from 9The GLUE data set distribution does not include the Test labels, and we only made a single GLUE evaluation server submission for each of BERTBASE and BERTLARGE. Wikipedia containing the answer, the task is to predict the answer text span in the passage. As shown in Figure 1, in the question answer- ing task, we represent the input question and pas- sage as a single packed sequence, with the ques- tion using the A embedding and the passage using the B embedding.",124
bert.pdf_chunk_39,bert.pdf,39,"As shown in Figure 1, in the question answer- ing task, we represent the input question and pas- sage as a single packed sequence, with the ques- tion using the A embedding and the passage using the B embedding. We only introduce a start vec- tor S ∈RH and an end vector E ∈RH during ﬁne-tuning. The probability of word i being the start of the answer span is computed as a dot prod- uct between Ti and S followed by a softmax over all of the words in the paragraph: Pi = eS·Ti P j eS·Tj . The analogous formula is used for the end of the answer span. The score of a candidate span from position i to position j is deﬁned as S·Ti + E·Tj, and the maximum scoring span where j ≥i is used as a prediction.",141
bert.pdf_chunk_40,bert.pdf,40,"The score of a candidate span from position i to position j is deﬁned as S·Ti + E·Tj, and the maximum scoring span where j ≥i is used as a prediction. The training objective is the sum of the log-likelihoods of the correct start and end positions. We ﬁne-tune for 3 epochs with a learning rate of 5e-5 and a batch size of 32. Table 2 shows top leaderboard entries as well as results from top published systems (Seo et al., 2017; Clark and Gardner, 2018; Peters et al., 2018a; Hu et al., 2018). The top results from the SQuAD leaderboard do not have up-to-date public system descriptions available,11 and are allowed to use any public data when training their systems.",121
bert.pdf_chunk_41,bert.pdf,41,"The top results from the SQuAD leaderboard do not have up-to-date public system descriptions available,11 and are allowed to use any public data when training their systems. We therefore use modest data augmentation in our system by ﬁrst ﬁne-tuning on TriviaQA (Joshi et al., 2017) befor ﬁne-tuning on SQuAD. Our best performing system outperforms the top leaderboard system by +1.5 F1 in ensembling and +1.3 F1 as a single system. In fact, our single BERT model outperforms the top ensemble sys- tem in terms of F1 score. Without TriviaQA ﬁne- 11QANet is described in Yu et al.",97
bert.pdf_chunk_42,bert.pdf,42,"Without TriviaQA ﬁne- 11QANet is described in Yu et al. (2018), but the system has improved substantially after publication. System Dev Test EM F1 EM F1 Top Leaderboard Systems (Dec 10th, 2018) Human - - 82.3 91.2 #1 Ensemble - nlnet - - 86.0 91.7 #2 Ensemble - QANet - - 84.5 90.5 Published BiDAF+ELMo (Single) - 85.6 - 85.8 R.M. Reader (Ensemble) 81.2 87.9 82.3 88.5 Ours BERTBASE (Single) 80.8 88.5 - - BERTLARGE (Single) 84.1 90.9 - - BERTLARGE (Ensemble) 85.8 91.8 - - BERTLARGE (Sgl.+TriviaQA) 84.2 91.1 85.1 91.8 BERTLARGE (Ens.+TriviaQA) 86.2 92.2 87.4 93.2 Table 2: SQuAD 1.1 results. The BERT ensemble is 7x systems which use different pre-training check- points and ﬁne-tuning seeds.",118
bert.pdf_chunk_43,bert.pdf,43,"The BERT ensemble is 7x systems which use different pre-training check- points and ﬁne-tuning seeds. System Dev Test EM F1 EM F1 Top Leaderboard Systems (Dec 10th, 2018) Human 86.3 89.0 86.9 89.5 #1 Single - MIR-MRC (F-Net) - - 74.8 78.0 #2 Single - nlnet - - 74.2 77.1 Published unet (Ensemble) - - 71.4 74.9 SLQA+ (Single) - 71.4 74.4 Ours BERTLARGE (Single) 78.7 81.9 80.0 83.1 Table 3: SQuAD 2.0 results. We exclude entries that use BERT as one of their components. tuning data, we only lose 0.1-0.4 F1, still outper- forming all existing systems by a wide margin.12 4.3 SQuAD v2.0 The SQuAD 2.0 task extends the SQuAD 1.1 problem deﬁnition by allowing for the possibility that no short answer exists in the provided para- graph, making the problem more realistic. We use a simple approach to extend the SQuAD v1.1 BERT model for this task.",150
bert.pdf_chunk_44,bert.pdf,44,"We use a simple approach to extend the SQuAD v1.1 BERT model for this task. We treat ques- tions that do not have an answer as having an an- swer span with start and end at the [CLS] to- ken. The probability space for the start and end answer span positions is extended to include the position of the [CLS] token. For prediction, we compare the score of the no-answer span: snull = S·C + E·C to the score of the best non-null span 12The TriviaQA data we used consists of paragraphs from TriviaQA-Wiki formed of the ﬁrst 400 tokens in documents, that contain at least one of the provided possible answers. System Dev Test ESIM+GloVe 51.9 52.7 ESIM+ELMo 59.1 59.2 OpenAI GPT - 78.0 BERTBASE 81.6 - BERTLARGE 86.6 86.3 Human (expert)† - 85.0 Human (5 annotations)† - 88.0 Table 4: SWAG Dev and Test accuracies.",147
bert.pdf_chunk_45,bert.pdf,45,"System Dev Test ESIM+GloVe 51.9 52.7 ESIM+ELMo 59.1 59.2 OpenAI GPT - 78.0 BERTBASE 81.6 - BERTLARGE 86.6 86.3 Human (expert)† - 85.0 Human (5 annotations)† - 88.0 Table 4: SWAG Dev and Test accuracies. †Human per- formance is measured with 100 samples, as reported in the SWAG paper. ˆ si,j = maxj≥iS·Ti + E·Tj. We predict a non-null answer when ˆ si,j > snull + τ, where the thresh- old τ is selected on the dev set to maximize F1. We did not use TriviaQA data for this model.",90
bert.pdf_chunk_46,bert.pdf,46,"We did not use TriviaQA data for this model. We ﬁne-tuned for 2 epochs with a learning rate of 5e-5 and a batch size of 48. The results compared to prior leaderboard en- tries and top published work (Sun et al., 2018; Wang et al., 2018b) are shown in Table 3, exclud- ing systems that use BERT as one of their com- ponents. We observe a +5.1 F1 improvement over the previous best system. 4.4 SWAG The Situations With Adversarial Generations (SWAG) dataset contains 113k sentence-pair com- pletion examples that evaluate grounded common- sense inference (Zellers et al., 2018).",99
bert.pdf_chunk_47,bert.pdf,47,"4.4 SWAG The Situations With Adversarial Generations (SWAG) dataset contains 113k sentence-pair com- pletion examples that evaluate grounded common- sense inference (Zellers et al., 2018). Given a sen- tence, the task is to choose the most plausible con- tinuation among four choices. When ﬁne-tuning on the SWAG dataset, we construct four input sequences, each containing the concatenation of the given sentence (sentence A) and a possible continuation (sentence B). The only task-speciﬁc parameters introduced is a vec- tor whose dot product with the [CLS] token rep- resentation C denotes a score for each choice which is normalized with a softmax layer. We ﬁne-tune the model for 3 epochs with a learning rate of 2e-5 and a batch size of 16.",120
bert.pdf_chunk_48,bert.pdf,48,"We ﬁne-tune the model for 3 epochs with a learning rate of 2e-5 and a batch size of 16. Re- sults are presented in Table 4. BERTLARGE out- performs the authors’ baseline ESIM+ELMo sys- tem by +27.1% and OpenAI GPT by 8.3%. Ablation Studies In this section, we perform ablation experiments over a number of facets of BERT in order to better understand their relative importance. Additional Dev Set Tasks MNLI-m QNLI MRPC SST-2 SQuAD (Acc) (Acc) (Acc) (Acc) (F1) BERTBASE 84.4 88.4 86.7 92.7 88.5 No NSP 83.9 84.9 86.5 92.6 87.9 LTR & No NSP 82.1 84.3 77.5 92.1 77.8 + BiLSTM 82.1 84.1 75.7 91.6 84.9 Table 5: Ablation over the pre-training tasks using the BERTBASE architecture.",120
bert.pdf_chunk_49,bert.pdf,49,"Additional Dev Set Tasks MNLI-m QNLI MRPC SST-2 SQuAD (Acc) (Acc) (Acc) (Acc) (F1) BERTBASE 84.4 88.4 86.7 92.7 88.5 No NSP 83.9 84.9 86.5 92.6 87.9 LTR & No NSP 82.1 84.3 77.5 92.1 77.8 + BiLSTM 82.1 84.1 75.7 91.6 84.9 Table 5: Ablation over the pre-training tasks using the BERTBASE architecture. “No NSP” is trained without the next sentence prediction task. “LTR & No NSP” is trained as a left-to-right LM without the next sentence prediction, like OpenAI GPT. “+ BiLSTM” adds a ran- domly initialized BiLSTM on top of the “LTR + No NSP” model during ﬁne-tuning. ablation studies can be found in Appendix C. 5.1 Effect of Pre-training Tasks We demonstrate the importance of the deep bidi- rectionality of BERT by evaluating two pre- training objectives using exactly the same pre- training data, ﬁne-tuning scheme, and hyperpa- rameters as BERTBASE: No NSP: A bidirectional model which is trained using the “masked LM” (MLM) but without the “next sentence prediction” (NSP) task.",166
bert.pdf_chunk_50,bert.pdf,50,"ablation studies can be found in Appendix C. 5.1 Effect of Pre-training Tasks We demonstrate the importance of the deep bidi- rectionality of BERT by evaluating two pre- training objectives using exactly the same pre- training data, ﬁne-tuning scheme, and hyperpa- rameters as BERTBASE: No NSP: A bidirectional model which is trained using the “masked LM” (MLM) but without the “next sentence prediction” (NSP) task. LTR & No NSP: A left-context-only model which is trained using a standard Left-to-Right (LTR) LM, rather than an MLM. The left-only constraint was also applied at ﬁne-tuning, because removing it introduced a pre-train/ﬁne-tune mismatch that degraded downstream performance. Additionally, this model was pre-trained without the NSP task. This is directly comparable to OpenAI GPT, but using our larger training dataset, our input repre- sentation, and our ﬁne-tuning scheme.",134
bert.pdf_chunk_51,bert.pdf,51,"This is directly comparable to OpenAI GPT, but using our larger training dataset, our input repre- sentation, and our ﬁne-tuning scheme. We ﬁrst examine the impact brought by the NSP task. In Table 5, we show that removing NSP hurts performance signiﬁcantly on QNLI, MNLI, and SQuAD 1.1. Next, we evaluate the impact of training bidirectional representations by com- paring “No NSP” to “LTR & No NSP”. The LTR model performs worse than the MLM model on all tasks, with large drops on MRPC and SQuAD.",86
bert.pdf_chunk_52,bert.pdf,52,"The LTR model performs worse than the MLM model on all tasks, with large drops on MRPC and SQuAD. For SQuAD it is intuitively clear that a LTR model will perform poorly at token predictions, since the token-level hidden states have no right- side context. In order to make a good faith at- tempt at strengthening the LTR system, we added a randomly initialized BiLSTM on top. This does signiﬁcantly improve results on SQuAD, but the results are still far worse than those of the pre- trained bidirectional models. The BiLSTM hurts performance on the GLUE tasks.",97
bert.pdf_chunk_53,bert.pdf,53,"The BiLSTM hurts performance on the GLUE tasks. We recognize that it would also be possible to train separate LTR and RTL models and represent each token as the concatenation of the two mod- els, as ELMo does. However: (a) this is twice as expensive as a single bidirectional model; (b) this is non-intuitive for tasks like QA, since the RTL model would not be able to condition the answer on the question; (c) this it is strictly less powerful than a deep bidirectional model, since it can use both left and right context at every layer. 5.2 Effect of Model Size In this section, we explore the effect of model size on ﬁne-tuning task accuracy. We trained a number of BERT models with a differing number of layers, hidden units, and attention heads, while otherwise using the same hyperparameters and training pro- cedure as described previously.",147
bert.pdf_chunk_54,bert.pdf,54,"We trained a number of BERT models with a differing number of layers, hidden units, and attention heads, while otherwise using the same hyperparameters and training pro- cedure as described previously. Results on selected GLUE tasks are shown in Table 6. In this table, we report the average Dev Set accuracy from 5 random restarts of ﬁne-tuning. We can see that larger models lead to a strict ac- curacy improvement across all four datasets, even for MRPC which only has 3,600 labeled train- ing examples, and is substantially different from the pre-training tasks. It is also perhaps surpris- ing that we are able to achieve such signiﬁcant improvements on top of models which are al- ready quite large relative to the existing literature.",123
bert.pdf_chunk_55,bert.pdf,55,"It is also perhaps surpris- ing that we are able to achieve such signiﬁcant improvements on top of models which are al- ready quite large relative to the existing literature. For example, the largest Transformer explored in Vaswani et al. (2017) is (L=6, H=1024, A=16) with 100M parameters for the encoder, and the largest Transformer we have found in the literature is (L=64, H=512, A=2) with 235M parameters (Al-Rfou et al., 2018). By contrast, BERTBASE contains 110M parameters and BERTLARGE con- tains 340M parameters. It has long been known that increasing the model size will lead to continual improvements on large-scale tasks such as machine translation and language modeling, which is demonstrated by the LM perplexity of held-out training data shown in Table 6.",124
bert.pdf_chunk_56,bert.pdf,56,"It has long been known that increasing the model size will lead to continual improvements on large-scale tasks such as machine translation and language modeling, which is demonstrated by the LM perplexity of held-out training data shown in Table 6. However, we believe that this is the ﬁrst work to demonstrate convinc- ingly that scaling to extreme model sizes also leads to large improvements on very small scale tasks, provided that the model has been sufﬁ- ciently pre-trained. Peters et al. (2018b) presented mixed results on the downstream task impact of increasing the pre-trained bi-LM size from two to four layers and Melamud et al. (2016) men- tioned in passing that increasing hidden dimen- sion size from 200 to 600 helped, but increasing further to 1,000 did not bring further improve- ments.",132
bert.pdf_chunk_57,bert.pdf,57,"(2016) men- tioned in passing that increasing hidden dimen- sion size from 200 to 600 helped, but increasing further to 1,000 did not bring further improve- ments. Both of these prior works used a feature- based approach — we hypothesize that when the model is ﬁne-tuned directly on the downstream tasks and uses only a very small number of ran- domly initialized additional parameters, the task- speciﬁc models can beneﬁt from the larger, more expressive pre-trained representations even when downstream task data is very small. 5.3 Feature-based Approach with BERT All of the BERT results presented so far have used the ﬁne-tuning approach, where a simple classiﬁ- cation layer is added to the pre-trained model, and all parameters are jointly ﬁne-tuned on a down- stream task. However, the feature-based approach, where ﬁxed features are extracted from the pre- trained model, has certain advantages. First, not all tasks can be easily represented by a Trans- former encoder architecture, and therefore require a task-speciﬁc model architecture to be added.",167
bert.pdf_chunk_58,bert.pdf,58,"First, not all tasks can be easily represented by a Trans- former encoder architecture, and therefore require a task-speciﬁc model architecture to be added. Second, there are major computational beneﬁts to pre-compute an expensive representation of the training data once and then run many experiments with cheaper models on top of this representation. In this section, we compare the two approaches by applying BERT to the CoNLL-2003 Named Entity Recognition (NER) task (Tjong Kim Sang and De Meulder, 2003). In the input to BERT, we use a case-preserving WordPiece model, and we include the maximal document context provided by the data. Following standard practice, we for- mulate this as a tagging task but do not use a CRF Hyperparams Dev Set Accuracy #L #H #A LM (ppl) MNLI-m MRPC SST-2 768 5.84 77.9 79.8 88.4 768 5.24 80.6 82.2 90.7 768 4.68 81.9 84.8 91.3 768 3.99 84.4 86.7 92.9 12 1024 3.54 85.7 86.9 93.3 24 1024 3.23 86.6 87.8 93.7 Table 6: Ablation over BERT model size.",169
bert.pdf_chunk_59,bert.pdf,59,"Following standard practice, we for- mulate this as a tagging task but do not use a CRF Hyperparams Dev Set Accuracy #L #H #A LM (ppl) MNLI-m MRPC SST-2 768 5.84 77.9 79.8 88.4 768 5.24 80.6 82.2 90.7 768 4.68 81.9 84.8 91.3 768 3.99 84.4 86.7 92.9 12 1024 3.54 85.7 86.9 93.3 24 1024 3.23 86.6 87.8 93.7 Table 6: Ablation over BERT model size. #L = the number of layers; #H = hidden size; #A = number of at- tention heads. “LM (ppl)” is the masked LM perplexity of held-out training data. System Dev F1 Test F1 ELMo (Peters et al., 2018a) 95.7 92.2 CVT (Clark et al., 2018) - 92.6 CSE (Akbik et al., 2018) - 93.1 Fine-tuning approach BERTLARGE 96.6 92.8 BERTBASE 96.4 92.4 Feature-based approach (BERTBASE) Embeddings 91.0 - Second-to-Last Hidden 95.6 - Last Hidden 94.9 - Weighted Sum Last Four Hidden 95.9 - Concat Last Four Hidden 96.1 - Weighted Sum All 12 Layers 95.5 - Table 7: CoNLL-2003 Named Entity Recognition re- sults. Hyperparameters were selected using the Dev set.",179
bert.pdf_chunk_60,bert.pdf,60,"Hyperparameters were selected using the Dev set. The reported Dev and Test scores are averaged over 5 random restarts using those hyperparameters. layer in the output. We use the representation of the ﬁrst sub-token as the input to the token-level classiﬁer over the NER label set. To ablate the ﬁne-tuning approach, we apply the feature-based approach by extracting the activa- tions from one or more layers without ﬁne-tuning any parameters of BERT.",72
bert.pdf_chunk_61,bert.pdf,61,"To ablate the ﬁne-tuning approach, we apply the feature-based approach by extracting the activa- tions from one or more layers without ﬁne-tuning any parameters of BERT. These contextual em- beddings are used as input to a randomly initial- ized two-layer 768-dimensional BiLSTM before the classiﬁcation layer. Results are presented in Table 7. BERTLARGE performs competitively with state-of-the-art meth- ods. The best performing method concatenates the token representations from the top four hidden lay- ers of the pre-trained Transformer, which is only 0.3 F1 behind ﬁne-tuning the entire model.",88
bert.pdf_chunk_62,bert.pdf,62,"The best performing method concatenates the token representations from the top four hidden lay- ers of the pre-trained Transformer, which is only 0.3 F1 behind ﬁne-tuning the entire model. This demonstrates that BERT is effective for both ﬁne- tuning and feature-based approaches. Conclusion Recent empirical improvements due to transfer learning with language models have demonstrated that rich, unsupervised pre-training is an integral part of many language understanding systems. In particular, these results enable even low-resource tasks to beneﬁt from deep unidirectional architec- tures. Our major contribution is further general- izing these ﬁndings to deep bidirectional architec- tures, allowing the same pre-trained model to suc- cessfully tackle a broad set of NLP tasks.",112
bert.pdf_chunk_63,bert.pdf,63,"Our major contribution is further general- izing these ﬁndings to deep bidirectional architec- tures, allowing the same pre-trained model to suc- cessfully tackle a broad set of NLP tasks.",29
rag.pdf_chunk_1,rag.pdf,1,"Abstract Large pre-trained language models have been shown to store factual knowledge in their parameters, and achieve state-of-the-art results when ﬁne-tuned on down- stream NLP tasks. However, their ability to access and precisely manipulate knowl- edge is still limited, and hence on knowledge-intensive tasks, their performance lags behind task-speciﬁc architectures. Additionally, providing provenance for their decisions and updating their world knowledge remain open research problems. Pre- trained models with a differentiable access mechanism to explicit non-parametric memory have so far been only investigated for extractive downstream tasks. We explore a general-purpose ﬁne-tuning recipe for retrieval-augmented generation (RAG) — models which combine pre-trained parametric and non-parametric mem- ory for language generation.",110
rag.pdf_chunk_2,rag.pdf,2,"We explore a general-purpose ﬁne-tuning recipe for retrieval-augmented generation (RAG) — models which combine pre-trained parametric and non-parametric mem- ory for language generation. We introduce RAG models where the parametric memory is a pre-trained seq2seq model and the non-parametric memory is a dense vector index of Wikipedia, accessed with a pre-trained neural retriever. We com- pare two RAG formulations, one which conditions on the same retrieved passages across the whole generated sequence, and another which can use different passages per token. We ﬁne-tune and evaluate our models on a wide range of knowledge- intensive NLP tasks and set the state of the art on three open domain QA tasks, outperforming parametric seq2seq models and task-speciﬁc retrieve-and-extract architectures. For language generation tasks, we ﬁnd that RAG models generate more speciﬁc, diverse and factual language than a state-of-the-art parametric-only seq2seq baseline.",139
rag.pdf_chunk_3,rag.pdf,3,"For language generation tasks, we ﬁnd that RAG models generate more speciﬁc, diverse and factual language than a state-of-the-art parametric-only seq2seq baseline. Introduction Pre-trained neural language models have been shown to learn a substantial amount of in-depth knowl- edge from data [47]. They can do so without any access to an external memory, as a parameterized implicit knowledge base [51, 52]. While this development is exciting, such models do have down- sides: They cannot easily expand or revise their memory, can’t straightforwardly provide insight into their predictions, and may produce “hallucinations” [38]. Hybrid models that combine parametric memory with non-parametric (i.e., retrieval-based) memories [20, 26, 48] can address some of these issues because knowledge can be directly revised and expanded, and accessed knowledge can be inspected and interpreted.",128
rag.pdf_chunk_4,rag.pdf,4,"Hybrid models that combine parametric memory with non-parametric (i.e., retrieval-based) memories [20, 26, 48] can address some of these issues because knowledge can be directly revised and expanded, and accessed knowledge can be inspected and interpreted. REALM [20] and ORQA [31], two recently introduced models that combine masked language models [8] with a differentiable retriever, have shown promising results, arXiv:2005.11401v4 [cs.CL] 12 Apr 2021 The Divine Comedy (x) q Query Encoder q(x) MIPS pθ Generator pθ (Parametric) Margin- alize This 14th century work is divided into 3 sections: ""Inferno"", ""Purgatorio"" & ""Paradiso"" (y) End-to-End Backprop through q and pθ Barack Obama was born in Hawaii. (x) Fact Veriﬁcation: Fact Query supports (y) Question Generation Fact Veriﬁcation: Label Generation Document Index Define ""middle ear""(x) Question Answering: Question Query The middle ear includes the tympanic cavity and the three ossicles. (y) Question Answering: Answer Generation Retriever pη (Non-Parametric) z4 z3 z2 z1 d(z) Jeopardy Question Generation: Answer Query Figure 1: Overview of our approach. We combine a pre-trained retriever (Query Encoder + Document Index) with a pre-trained seq2seq model (Generator) and ﬁne-tune end-to-end.",181
rag.pdf_chunk_5,rag.pdf,5,"We combine a pre-trained retriever (Query Encoder + Document Index) with a pre-trained seq2seq model (Generator) and ﬁne-tune end-to-end. For query x, we use Maximum Inner Product Search (MIPS) to ﬁnd the top-K documents zi. For ﬁnal prediction y, we treat z as a latent variable and marginalize over seq2seq predictions given different documents. but have only explored open-domain extractive question answering. Here, we bring hybrid parametric and non-parametric memory to the “workhorse of NLP,” i.e.",76
rag.pdf_chunk_6,rag.pdf,6,"Here, we bring hybrid parametric and non-parametric memory to the “workhorse of NLP,” i.e. sequence-to-sequence (seq2seq) models. We endow pre-trained, parametric-memory generation models with a non-parametric memory through a general-purpose ﬁne-tuning approach which we refer to as retrieval-augmented generation (RAG). We build RAG models where the parametric memory is a pre-trained seq2seq transformer, and the non-parametric memory is a dense vector index of Wikipedia, accessed with a pre-trained neural retriever. We combine these components in a probabilistic model trained end-to-end (Fig.",81
rag.pdf_chunk_7,rag.pdf,7,"We combine these components in a probabilistic model trained end-to-end (Fig. 1). The retriever (Dense Passage Retriever [26], henceforth DPR) provides latent documents conditioned on the input, and the seq2seq model (BART [32]) then conditions on these latent documents together with the input to generate the output. We marginalize the latent documents with a top-K approximation, either on a per-output basis (assuming the same document is responsible for all tokens) or a per-token basis (where different documents are responsible for different tokens). Like T5 [51] or BART, RAG can be ﬁne-tuned on any seq2seq task, whereby both the generator and retriever are jointly learned.",104
rag.pdf_chunk_8,rag.pdf,8,"Like T5 [51] or BART, RAG can be ﬁne-tuned on any seq2seq task, whereby both the generator and retriever are jointly learned. There has been extensive previous work proposing architectures to enrich systems with non-parametric memory which are trained from scratch for speciﬁc tasks, e.g. memory networks [64, 55], stack- augmented networks [25] and memory layers [30]. In contrast, we explore a setting where both parametric and non-parametric memory components are pre-trained and pre-loaded with extensive knowledge. Crucially, by using pre-trained access mechanisms, the ability to access knowledge is present without additional training.",93
rag.pdf_chunk_9,rag.pdf,9,"Crucially, by using pre-trained access mechanisms, the ability to access knowledge is present without additional training. Our results highlight the beneﬁts of combining parametric and non-parametric memory with genera- tion for knowledge-intensive tasks—tasks that humans could not reasonably be expected to perform without access to an external knowledge source. Our RAG models achieve state-of-the-art results on open Natural Questions [29], WebQuestions [3] and CuratedTrec [2] and strongly outperform recent approaches that use specialised pre-training objectives on TriviaQA [24]. Despite these being extractive tasks, we ﬁnd that unconstrained generation outperforms previous extractive approaches. For knowledge-intensive generation, we experiment with MS-MARCO [1] and Jeopardy question generation, and we ﬁnd that our models generate responses that are more factual, speciﬁc, and diverse than a BART baseline.",123
rag.pdf_chunk_10,rag.pdf,10,"For knowledge-intensive generation, we experiment with MS-MARCO [1] and Jeopardy question generation, and we ﬁnd that our models generate responses that are more factual, speciﬁc, and diverse than a BART baseline. For FEVER [56] fact veriﬁcation, we achieve results within 4.3% of state-of-the-art pipeline models which use strong retrieval supervision. Finally, we demonstrate that the non-parametric memory can be replaced to update the models’ knowledge as the world changes.1 Methods We explore RAG models, which use the input sequence x to retrieve text documents z and use them as additional context when generating the target sequence y. As shown in Figure 1, our models leverage two components: (i) a retriever pη(z|x) with parameters η that returns (top-K truncated) distributions over text passages given a query x and (ii) a generator pθ(yi|x, z, y1:i−1) parametrized 1Code to run experiments with RAG has been open-sourced as part of the HuggingFace Transform- ers Library [66] and can be found at examples/rag/. An interactive demo of RAG models can be found at by θ that generates a current token based on a context of the previous i −1 tokens y1:i−1, the original input x and a retrieved passage z.",195
rag.pdf_chunk_11,rag.pdf,11,"An interactive demo of RAG models can be found at by θ that generates a current token based on a context of the previous i −1 tokens y1:i−1, the original input x and a retrieved passage z. To train the retriever and generator end-to-end, we treat the retrieved document as a latent variable. We propose two models that marginalize over the latent documents in different ways to produce a distribution over generated text. In one approach, RAG-Sequence, the model uses the same document to predict each target token. The second approach, RAG-Token, can predict each target token based on a different document.",102
rag.pdf_chunk_12,rag.pdf,12,"The second approach, RAG-Token, can predict each target token based on a different document. In the following, we formally introduce both models and then describe the pη and pθ components, as well as the training and decoding procedure. 2.1 Models RAG-Sequence Model The RAG-Sequence model uses the same retrieved document to generate the complete sequence. Technically, it treats the retrieved document as a single latent variable that is marginalized to get the seq2seq probability p(y|x) via a top-K approximation. Concretely, the top K documents are retrieved using the retriever, and the generator produces the output sequence probability for each document, which are then marginalized, pRAG-Sequence(y|x) ≈ X z∈top-k(p(·|x)) pη(z|x)pθ(y|x, z) = X z∈top-k(p(·|x)) pη(z|x) N Y i pθ(yi|x, z, y1:i−1) RAG-Token Model In the RAG-Token model we can draw a different latent document for each target token and marginalize accordingly.",140
rag.pdf_chunk_13,rag.pdf,13,"Concretely, the top K documents are retrieved using the retriever, and the generator produces the output sequence probability for each document, which are then marginalized, pRAG-Sequence(y|x) ≈ X z∈top-k(p(·|x)) pη(z|x)pθ(y|x, z) = X z∈top-k(p(·|x)) pη(z|x) N Y i pθ(yi|x, z, y1:i−1) RAG-Token Model In the RAG-Token model we can draw a different latent document for each target token and marginalize accordingly. This allows the generator to choose content from several documents when producing an answer. Concretely, the top K documents are retrieved using the retriever, and then the generator produces a distribution for the next output token for each document, before marginalizing, and repeating the process with the following output token, Formally, we deﬁne: pRAG-Token(y|x) ≈ N Y i X z∈top-k(p(·|x)) pη(z|x)pθ(yi|x, z, y1:i−1) Finally, we note that RAG can be used for sequence classiﬁcation tasks by considering the target class as a target sequence of length one, in which case RAG-Sequence and RAG-Token are equivalent. 2.2 Retriever: DPR The retrieval component pη(z|x) is based on DPR [26]. DPR follows a bi-encoder architecture: pη(z|x) ∝exp  d(z)⊤q(x)  d(z) = BERTd(z), q(x) = BERTq(x) where d(z) is a dense representation of a document produced by a BERTBASE document encoder [8], and q(x) a query representation produced by a query encoder, also based on BERTBASE.",213
rag.pdf_chunk_14,rag.pdf,14,"DPR follows a bi-encoder architecture: pη(z|x) ∝exp  d(z)⊤q(x)  d(z) = BERTd(z), q(x) = BERTq(x) where d(z) is a dense representation of a document produced by a BERTBASE document encoder [8], and q(x) a query representation produced by a query encoder, also based on BERTBASE. Calculating top-k(pη(·|x)), the list of k documents z with highest prior probability pη(z|x), is a Maximum Inner Product Search (MIPS) problem, which can be approximately solved in sub-linear time [23]. We use a pre-trained bi-encoder from DPR to initialize our retriever and to build the document index. This retriever was trained to retrieve documents which contain answers to TriviaQA [24] questions and Natural Questions [29]. We refer to the document index as the non-parametric memory.",120
rag.pdf_chunk_15,rag.pdf,15,"We refer to the document index as the non-parametric memory. 2.3 Generator: BART The generator component pθ(yi|x, z, y1:i−1) could be modelled using any encoder-decoder. We use BART-large [32], a pre-trained seq2seq transformer [58] with 400M parameters. To combine the input x with the retrieved content z when generating from BART, we simply concatenate them. BART was pre-trained using a denoising objective and a variety of different noising functions.",69
rag.pdf_chunk_16,rag.pdf,16,"BART was pre-trained using a denoising objective and a variety of different noising functions. It has obtained state-of-the-art results on a diverse set of generation tasks and outperforms comparably-sized T5 models [32]. We refer to the BART generator parameters θ as the parametric memory henceforth. 2.4 Training We jointly train the retriever and generator components without any direct supervision on what document should be retrieved. Given a ﬁne-tuning training corpus of input/output pairs (xj, yj), we minimize the negative marginal log-likelihood of each target, P j −log p(yj|xj) using stochastic gradient descent with Adam [28].",95
rag.pdf_chunk_17,rag.pdf,17,"Given a ﬁne-tuning training corpus of input/output pairs (xj, yj), we minimize the negative marginal log-likelihood of each target, P j −log p(yj|xj) using stochastic gradient descent with Adam [28]. Updating the document encoder BERTd during training is costly as it requires the document index to be periodically updated as REALM does during pre-training [20]. We do not ﬁnd this step necessary for strong performance, and keep the document encoder (and index) ﬁxed, only ﬁne-tuning the query encoder BERTq and the BART generator. 2.5 Decoding At test time, RAG-Sequence and RAG-Token require different ways to approximate arg maxy p(y|x). RAG-Token The RAG-Token model can be seen as a standard, autoregressive seq2seq genera- tor with transition probability: p′ θ(yi|x, y1:i−1) = P z∈top-k(p(·|x)) pη(zi|x)pθ(yi|x, zi, y1:i−1) To decode, we can plug p′ θ(yi|x, y1:i−1) into a standard beam decoder.",138
rag.pdf_chunk_18,rag.pdf,18,"RAG-Token The RAG-Token model can be seen as a standard, autoregressive seq2seq genera- tor with transition probability: p′ θ(yi|x, y1:i−1) = P z∈top-k(p(·|x)) pη(zi|x)pθ(yi|x, zi, y1:i−1) To decode, we can plug p′ θ(yi|x, y1:i−1) into a standard beam decoder. RAG-Sequence For RAG-Sequence, the likelihood p(y|x) does not break into a conventional per- token likelihood, hence we cannot solve it with a single beam search. Instead, we run beam search for each document z, scoring each hypothesis using pθ(yi|x, z, y1:i−1). This yields a set of hypotheses Y , some of which may not have appeared in the beams of all documents. To estimate the probability of an hypothesis y we run an additional forward pass for each document z for which y does not appear in the beam, multiply generator probability with pη(z|x) and then sum the probabilities across beams for the marginals.",143
rag.pdf_chunk_19,rag.pdf,19,"To estimate the probability of an hypothesis y we run an additional forward pass for each document z for which y does not appear in the beam, multiply generator probability with pη(z|x) and then sum the probabilities across beams for the marginals. We refer to this decoding procedure as “Thorough Decoding.” For longer output sequences, |Y | can become large, requiring many forward passes. For more efﬁcient decoding, we can make a further approximation that pθ(y|x, zi) ≈0 where y was not generated during beam search from x, zi. This avoids the need to run additional forward passes once the candidate set Y has been generated. We refer to this decoding procedure as “Fast Decoding.” Experiments We experiment with RAG in a wide range of knowledge-intensive tasks.",127
rag.pdf_chunk_20,rag.pdf,20,"We refer to this decoding procedure as “Fast Decoding.” Experiments We experiment with RAG in a wide range of knowledge-intensive tasks. For all experiments, we use a single Wikipedia dump for our non-parametric knowledge source. Following Lee et al. [31] and Karpukhin et al. [26], we use the December 2018 dump.",51
rag.pdf_chunk_21,rag.pdf,21,"[26], we use the December 2018 dump. Each Wikipedia article is split into disjoint 100-word chunks, to make a total of 21M documents. We use the document encoder to compute an embedding for each document, and build a single MIPS index using FAISS [23] with a Hierarchical Navigable Small World approximation for fast retrieval [37]. During training, we retrieve the top k documents for each query. We consider k ∈{5, 10} for training and set k for test time using dev data.",82
rag.pdf_chunk_22,rag.pdf,22,"We consider k ∈{5, 10} for training and set k for test time using dev data. We now discuss experimental details for each task. 3.1 Open-domain Question Answering Open-domain question answering (QA) is an important real-world application and common testbed for knowledge-intensive tasks [20]. We treat questions and answers as input-output text pairs (x, y) and train RAG by directly minimizing the negative log-likelihood of answers. We compare RAG to the popular extractive QA paradigm [5, 7, 31, 26], where answers are extracted spans from retrieved documents, relying primarily on non-parametric knowledge.",92
rag.pdf_chunk_23,rag.pdf,23,"We compare RAG to the popular extractive QA paradigm [5, 7, 31, 26], where answers are extracted spans from retrieved documents, relying primarily on non-parametric knowledge. We also compare to “Closed-Book QA” approaches [52], which, like RAG, generate answers, but which do not exploit retrieval, instead relying purely on parametric knowledge. We consider four popular open-domain QA datasets: Natural Questions (NQ) [29], TriviaQA (TQA) [24]. WebQuestions (WQ) [3] and CuratedTrec (CT) [2]. As CT and WQ are small, we follow DPR [26] by initializing CT and WQ models with our NQ RAG model.",93
rag.pdf_chunk_24,rag.pdf,24,"As CT and WQ are small, we follow DPR [26] by initializing CT and WQ models with our NQ RAG model. We use the same train/dev/test splits as prior work [31, 26] and report Exact Match (EM) scores. For TQA, to compare with T5 [52], we also evaluate on the TQA Wiki test set. 3.2 Abstractive Question Answering RAG models can go beyond simple extractive QA and answer questions with free-form, abstractive text generation. To test RAG’s natural language generation (NLG) in a knowledge-intensive setting, we use the MSMARCO NLG task v2.1 [43].",93
rag.pdf_chunk_25,rag.pdf,25,"To test RAG’s natural language generation (NLG) in a knowledge-intensive setting, we use the MSMARCO NLG task v2.1 [43]. The task consists of questions, ten gold passages retrieved from a search engine for each question, and a full sentence answer annotated from the retrieved passages. We do not use the supplied passages, only the questions and answers, to treat MSMARCO as an open-domain abstractive QA task. MSMARCO has some questions that cannot be answered in a way that matches the reference answer without access to the gold passages, such as “What is the weather in Volcano, CA?” so performance will be lower without using gold passages. We also note that some MSMARCO questions cannot be answered using Wikipedia alone.",119
rag.pdf_chunk_26,rag.pdf,26,"We also note that some MSMARCO questions cannot be answered using Wikipedia alone. Here, RAG can rely on parametric knowledge to generate reasonable responses. 3.3 Jeopardy Question Generation To evaluate RAG’s generation abilities in a non-QA setting, we study open-domain question gen- eration. Rather than use questions from standard open-domain QA tasks, which typically consist of short, simple questions, we propose the more demanding task of generating Jeopardy questions. Jeopardy is an unusual format that consists of trying to guess an entity from a fact about that entity.",88
rag.pdf_chunk_27,rag.pdf,27,"Jeopardy is an unusual format that consists of trying to guess an entity from a fact about that entity. For example, “The World Cup” is the answer to the question “In 1986 Mexico scored as the ﬁrst country to host this international sports competition twice.” As Jeopardy questions are precise, factual statements, generating Jeopardy questions conditioned on their answer entities constitutes a challenging knowledge-intensive generation task. We use the splits from SearchQA [10], with 100K train, 14K dev, and 27K test examples. As this is a new task, we train a BART model for comparison. Following [67], we evaluate using the SQuAD-tuned Q-BLEU-1 metric [42].",105
rag.pdf_chunk_28,rag.pdf,28,"Following [67], we evaluate using the SQuAD-tuned Q-BLEU-1 metric [42]. Q-BLEU is a variant of BLEU with a higher weight for matching entities and has higher correlation with human judgment for question generation than standard metrics. We also perform two human evaluations, one to assess generation factuality, and one for speciﬁcity. We deﬁne factuality as whether a statement can be corroborated by trusted external sources, and speciﬁcity as high mutual dependence between the input and output [33]. We follow best practice and use pairwise comparative evaluation [34].",87
rag.pdf_chunk_29,rag.pdf,29,"We follow best practice and use pairwise comparative evaluation [34]. Evaluators are shown an answer and two generated questions, one from BART and one from RAG. They are then asked to pick one of four options—quuestion A is better, question B is better, both are good, or neither is good. 3.4 Fact Veriﬁcation FEVER [56] requires classifying whether a natural language claim is supported or refuted by Wikipedia, or whether there is not enough information to decide. The task requires retrieving evidence from Wikipedia relating to the claim and then reasoning over this evidence to classify whether the claim is true, false, or unveriﬁable from Wikipedia alone.",107
rag.pdf_chunk_30,rag.pdf,30,"The task requires retrieving evidence from Wikipedia relating to the claim and then reasoning over this evidence to classify whether the claim is true, false, or unveriﬁable from Wikipedia alone. FEVER is a retrieval problem coupled with an challenging entailment reasoning task. It also provides an appropriate testbed for exploring the RAG models’ ability to handle classiﬁcation rather than generation. We map FEVER class labels (supports, refutes, or not enough info) to single output tokens and directly train with claim-class pairs. Crucially, unlike most other approaches to FEVER, we do not use supervision on retrieved evidence.",96
rag.pdf_chunk_31,rag.pdf,31,"Crucially, unlike most other approaches to FEVER, we do not use supervision on retrieved evidence. In many real-world applications, retrieval supervision signals aren’t available, and models that do not require such supervision will be applicable to a wider range of tasks. We explore two variants: the standard 3-way classiﬁcation task (supports/refutes/not enough info) and the 2-way (supports/refutes) task studied in Thorne and Vlachos [57]. In both cases we report label accuracy. Results 4.1 Open-domain Question Answering Table 1 shows results for RAG along with state-of-the-art models.",86
rag.pdf_chunk_32,rag.pdf,32,"Results 4.1 Open-domain Question Answering Table 1 shows results for RAG along with state-of-the-art models. On all four open-domain QA tasks, RAG sets a new state of the art (only on the T5-comparable split for TQA). RAG combines the generation ﬂexibility of the “closed-book” (parametric only) approaches and the performance of ""open-book"" retrieval-based approaches. Unlike REALM and T5+SSM, RAG enjoys strong results without expensive, specialized “salient span masking” pre-training [20]. It is worth noting that RAG’s retriever is initialized using DPR’s retriever, which uses retrieval supervision on Natural Questions and TriviaQA.",91
rag.pdf_chunk_33,rag.pdf,33,"It is worth noting that RAG’s retriever is initialized using DPR’s retriever, which uses retrieval supervision on Natural Questions and TriviaQA. RAG compares favourably to the DPR QA system, which uses a BERT-based “cross- encoder” to re-rank documents, along with an extractive reader. RAG demonstrates that neither a re-ranker nor extractive reader is necessary for state-of-the-art performance. There are several advantages to generating answers even when it is possible to extract them. Docu- ments with clues about the answer but do not contain the answer verbatim can still contribute towards a correct answer being generated, which is not possible with standard extractive approaches, leading Table 1: Open-Domain QA Test Scores.",110
rag.pdf_chunk_34,rag.pdf,34,"Docu- ments with clues about the answer but do not contain the answer verbatim can still contribute towards a correct answer being generated, which is not possible with standard extractive approaches, leading Table 1: Open-Domain QA Test Scores. For TQA, left column uses the standard test set for Open- Domain QA, right column uses the TQA-Wiki test set. See Appendix D for further details. Model NQ TQA WQ CT Closed Book T5-11B [52] 34.5 - /50.1 37.4 - T5-11B+SSM[52] 36.6 - /60.5 44.7 - Open Book REALM [20] 40.4 - / - 40.7 46.8 DPR [26] 41.5 57.9/ - 41.1 50.6 RAG-Token 44.1 55.2/66.1 45.5 50.0 RAG-Seq. 44.5 56.8/68.0 45.2 52.2 Table 2: Generation and classiﬁcation Test Scores.",118
rag.pdf_chunk_35,rag.pdf,35,"44.5 56.8/68.0 45.2 52.2 Table 2: Generation and classiﬁcation Test Scores. MS-MARCO SotA is [4], FEVER-3 is [68] and FEVER-2 is [57] *Uses gold context/evidence. Best model without gold access underlined. Model Jeopardy MSMARCO FVR3 FVR2 B-1 QB-1 R-L B-1 Label Acc. SotA - - 49.8* 49.9* 76.8 92.2* BART 15.1 19.7 38.2 41.6 64.0 81.1 RAG-Tok.",57
rag.pdf_chunk_36,rag.pdf,36,"SotA - - 49.8* 49.9* 76.8 92.2* BART 15.1 19.7 38.2 41.6 64.0 81.1 RAG-Tok. 17.3 22.2 40.1 41.5 72.5 89.5 RAG-Seq. 14.7 21.4 40.8 44.2 to more effective marginalization over documents. Furthermore, RAG can generate correct answers even when the correct answer is not in any retrieved document, achieving 11.8% accuracy in such cases for NQ, where an extractive model would score 0%. 4.2 Abstractive Question Answering As shown in Table 2, RAG-Sequence outperforms BART on Open MS-MARCO NLG by 2.6 Bleu points and 2.6 Rouge-L points.",88
rag.pdf_chunk_37,rag.pdf,37,"4.2 Abstractive Question Answering As shown in Table 2, RAG-Sequence outperforms BART on Open MS-MARCO NLG by 2.6 Bleu points and 2.6 Rouge-L points. RAG approaches state-of-the-art model performance, which is impressive given that (i) those models access gold passages with speciﬁc information required to generate the reference answer , (ii) many questions are unanswerable without the gold passages, and (iii) not all questions are answerable from Wikipedia alone. Table 3 shows some generated answers from our models. Qualitatively, we ﬁnd that RAG models hallucinate less and generate factually correct text more often than BART. Later, we also show that RAG generations are more diverse than BART generations (see §4.5).",110
rag.pdf_chunk_38,rag.pdf,38,"Later, we also show that RAG generations are more diverse than BART generations (see §4.5). 4.3 Jeopardy Question Generation Table 2 shows that RAG-Token performs better than RAG-Sequence on Jeopardy question generation, with both models outperforming BART on Q-BLEU-1. 4 shows human evaluation results, over 452 pairs of generations from BART and RAG-Token. Evaluators indicated that BART was more factual than RAG in only 7.1% of cases, while RAG was more factual in 42.7% of cases, and both RAG and BART were factual in a further 17% of cases, clearly demonstrating the effectiveness of RAG on the task over a state-of-the-art generation model. Evaluators also ﬁnd RAG generations to be more speciﬁc by a large margin.",116
rag.pdf_chunk_39,rag.pdf,39,"Evaluators also ﬁnd RAG generations to be more speciﬁc by a large margin. Table 3 shows typical generations from each model. Jeopardy questions often contain two separate pieces of information, and RAG-Token may perform best because it can generate responses that combine content from several documents. Figure 2 shows an example. When generating “Sun”, the posterior is high for document 2 which mentions “The Sun Also Rises”.",67
rag.pdf_chunk_40,rag.pdf,40,"When generating “Sun”, the posterior is high for document 2 which mentions “The Sun Also Rises”. Similarly, document 1 dominates the posterior when “A Farewell to Arms” is generated. Intriguingly, after the ﬁrst token of each book is generated, the document posterior ﬂattens. This observation suggests that the generator can complete the titles without depending on speciﬁc documents. In other words, the model’s parametric knowledge is sufﬁcient to complete the titles.",71
rag.pdf_chunk_41,rag.pdf,41,"In other words, the model’s parametric knowledge is sufﬁcient to complete the titles. We ﬁnd evidence for this hypothesis by feeding the BART-only baseline with the partial decoding ""The Sun. BART completes the generation ""The Sun Also Rises"" is a novel by this author of ""The Sun Also Rises"" indicating the title ""The Sun Also Rises"" is stored in BART’s parameters. Similarly, BART will complete the partial decoding ""The Sun Also Rises"" is a novel by this author of ""A with ""The Sun Also Rises"" is a novel by this author of ""A Farewell to Arms"". This example shows how parametric and non-parametric memories work together—the non-parametric component helps to guide the generation, drawing out speciﬁc knowledge stored in the parametric memory.",122
rag.pdf_chunk_42,rag.pdf,42,"This example shows how parametric and non-parametric memories work together—the non-parametric component helps to guide the generation, drawing out speciﬁc knowledge stored in the parametric memory. 4.4 Fact Veriﬁcation Table 2 shows our results on FEVER. For 3-way classiﬁcation, RAG scores are within 4.3% of state-of-the-art models, which are complex pipeline systems with domain-speciﬁc architectures and substantial engineering, trained using intermediate retrieval supervision, which RAG does not require. Document 1: his works are considered classics of American literature ... His wartime experiences formed the basis for his novel ”A Farewell to Arms” (1929) ... Document 2: ... artists of the 1920s ”Lost Generation” expatriate community.",105
rag.pdf_chunk_43,rag.pdf,43,"Document 2: ... artists of the 1920s ”Lost Generation” expatriate community. His debut novel, ”The Sun Also Rises”, was published in 1926. BOS ” The Sun Also R ises ” is a novel by this authorof ” A Fare well to Arms” Doc 1 Doc 2 Doc 3 Doc 4 Doc 5 Figure 2: RAG-Token document posterior p(zi|x, yi, y−i) for each generated token for input “Hem- ingway"" for Jeopardy generation with 5 retrieved documents. The posterior for document 1 is high when generating “A Farewell to Arms"" and for document 2 when generating “The Sun Also Rises"". Table 3: Examples from generation tasks.",104
rag.pdf_chunk_44,rag.pdf,44,"Table 3: Examples from generation tasks. RAG models generate more speciﬁc and factually accurate responses. ‘?’ indicates factually incorrect responses, * indicates partially correct responses. Task Input Model Generation MS- MARCO deﬁne middle ear BART ?The middle ear is the part of the ear between the middle ear and the nose. RAG-T The middle ear is the portion of the ear internal to the eardrum.",65
rag.pdf_chunk_45,rag.pdf,45,RAG-T The middle ear is the portion of the ear internal to the eardrum. RAG-S The middle ear includes the tympanic cavity and the three ossicles. what currency needed in scotland BART The currency needed in Scotland is Pound sterling. RAG-T Pound is the currency needed in Scotland. RAG-S The currency needed in Scotland is the pound sterling.,58
rag.pdf_chunk_46,rag.pdf,46,"RAG-S The currency needed in Scotland is the pound sterling. Jeopardy Question Gener -ation Washington BART ?This state has the largest number of counties in the U.S. RAG-T It’s the only U.S. state named for a U.S. president RAG-S It’s the state where you’ll ﬁnd Mount Rainier National Park The Divine Comedy BART *This epic poem by Dante is divided into 3 parts: the Inferno, the Purgatorio & the Purgatorio RAG-T Dante’s ""Inferno"" is the ﬁrst part of this epic poem RAG-S This 14th century work is divided into 3 sections: ""Inferno"", ""Purgatorio"" & ""Paradiso"" For 2-way classiﬁcation, we compare against Thorne and Vlachos [57], who train RoBERTa [35] to classify the claim as true or false given the gold evidence sentence. RAG achieves an accuracy within 2.7% of this model, despite being supplied with only the claim and retrieving its own evidence. We also analyze whether documents retrieved by RAG correspond to documents annotated as gold evidence in FEVER. We calculate the overlap in article titles between the top k documents retrieved by RAG and gold evidence annotations.",179
rag.pdf_chunk_47,rag.pdf,47,"We calculate the overlap in article titles between the top k documents retrieved by RAG and gold evidence annotations. We ﬁnd that the top retrieved document is from a gold article in 71% of cases, and a gold article is present in the top 10 retrieved articles in 90% of cases. 4.5 Additional Results Generation Diversity Section 4.3 shows that RAG models are more factual and speciﬁc than BART for Jeopardy question generation. Following recent work on diversity-promoting decoding [33, 59, 39], we also investigate generation diversity by calculating the ratio of distinct ngrams to total ngrams generated by different models. Table 5 shows that RAG-Sequence’s generations are more diverse than RAG-Token’s, and both are signiﬁcantly more diverse than BART without needing any diversity-promoting decoding.",125
rag.pdf_chunk_48,rag.pdf,48,"Table 5 shows that RAG-Sequence’s generations are more diverse than RAG-Token’s, and both are signiﬁcantly more diverse than BART without needing any diversity-promoting decoding. Retrieval Ablations A key feature of RAG is learning to retrieve relevant information for the task. To assess the effectiveness of the retrieval mechanism, we run ablations where we freeze the retriever during training. As shown in Table 6, learned retrieval improves results for all tasks. We compare RAG’s dense retriever to a word overlap-based BM25 retriever [53].",82
rag.pdf_chunk_49,rag.pdf,49,"We compare RAG’s dense retriever to a word overlap-based BM25 retriever [53]. Here, we replace RAG’s retriever with a ﬁxed BM25 system, and use BM25 retrieval scores as logits when calculating p(z|x). Table 6 shows the results. For FEVER, BM25 performs best, perhaps since FEVER claims are heavily entity-centric and thus well-suited for word overlap-based retrieval. Differentiable retrieval improves results on all other tasks, especially for Open-Domain QA, where it is crucial.",72
rag.pdf_chunk_50,rag.pdf,50,"Differentiable retrieval improves results on all other tasks, especially for Open-Domain QA, where it is crucial. Index hot-swapping An advantage of non-parametric memory models like RAG is that knowledge can be easily updated at test time. Parametric-only models like T5 or BART need further training to update their behavior as the world changes. To demonstrate, we build an index using the DrQA [5] Wikipedia dump from December 2016 and compare outputs from RAG using this index to the newer index from our main results (December 2018). We prepare a list of 82 world leaders who had changed Table 4: Human assessments for the Jeopardy Question Generation Task.",107
rag.pdf_chunk_51,rag.pdf,51,"We prepare a list of 82 world leaders who had changed Table 4: Human assessments for the Jeopardy Question Generation Task. Factuality Speciﬁcity BART better 7.1% 16.8% RAG better 42.7% 37.4% Both good 11.7% 11.8% Both poor 17.7% 6.9% No majority 20.8% 20.1% Table 5: Ratio of distinct to total tri-grams for generation tasks. MSMARCO Jeopardy QGen Gold 89.6% 90.0% BART 70.7% 32.4% RAG-Token 77.8% 46.8% RAG-Seq. 83.5% 53.8% Table 6: Ablations on the dev set. As FEVER is a classiﬁcation task, both RAG models are equivalent.",87
rag.pdf_chunk_52,rag.pdf,52,"As FEVER is a classiﬁcation task, both RAG models are equivalent. Model NQ TQA WQ CT Jeopardy-QGen MSMarco FVR-3 FVR-2 Exact Match B-1 QB-1 R-L B-1 Label Accuracy RAG-Token-BM25 29.7 41.5 32.1 33.1 17.5 22.3 55.5 48.4 75.1 91.6 RAG-Sequence-BM25 31.8 44.1 36.6 33.8 11.1 19.5 56.5 46.9 RAG-Token-Frozen 37.8 50.1 37.1 51.1 16.7 21.7 55.9 49.4 72.9 89.4 RAG-Sequence-Frozen 41.2 52.1 41.8 52.6 11.8 19.6 56.7 47.3 RAG-Token 43.5 54.8 46.5 51.9 17.9 22.6 56.2 49.4 74.5 90.6 RAG-Sequence 44.0 55.8 44.9 53.4 15.3 21.5 57.2 47.5 between these dates and use a template “Who is {position}?” (e.g. “Who is the President of Peru?”) to query our NQ RAG model with each index. RAG answers 70% correctly using the 2016 index for 2016 world leaders and 68% using the 2018 index for 2018 world leaders. Accuracy with mismatched indices is low (12% with the 2018 index and 2016 leaders, 4% with the 2016 index and 2018 leaders).",158
rag.pdf_chunk_53,rag.pdf,53,"Accuracy with mismatched indices is low (12% with the 2018 index and 2016 leaders, 4% with the 2016 index and 2018 leaders). This shows we can update RAG’s world knowledge by simply replacing its non-parametric memory. Effect of Retrieving more documents Models are trained with either 5 or 10 retrieved latent documents, and we do not observe signiﬁcant differences in performance between them. We have the ﬂexibility to adjust the number of retrieved documents at test time, which can affect performance and runtime. Figure 3 (left) shows that retrieving more documents at test time monotonically improves Open-domain QA results for RAG-Sequence, but performance peaks for RAG-Token at 10 retrieved documents.",110
rag.pdf_chunk_54,rag.pdf,54,"Figure 3 (left) shows that retrieving more documents at test time monotonically improves Open-domain QA results for RAG-Sequence, but performance peaks for RAG-Token at 10 retrieved documents. Figure 3 (right) shows that retrieving more documents leads to higher Rouge-L for RAG-Token at the expense of Bleu-1, but the effect is less pronounced for RAG-Sequence. 20 40 K Retrieved Docs 40 42 44 NQ Exact Match RAG-Tok RAG-Seq 20 40 K Retrieved Docs 50 70 NQ Answer Recall @ K RAG-Tok RAG-Seq Fixed DPR BM25 20 40 K Retrieved Docs 50 54 Bleu-1 / Rouge-L score RAG-Tok R-L RAG-Tok B-1 RAG-Seq R-L RAG-Seq B-1 Figure 3: Left: NQ performance as more documents are retrieved. Center: Retrieval recall perfor- mance in NQ. Right: MS-MARCO Bleu-1 and Rouge-L as more documents are retrieved.",130
rag.pdf_chunk_55,rag.pdf,55,"Right: MS-MARCO Bleu-1 and Rouge-L as more documents are retrieved. Related Work Single-Task Retrieval Prior work has shown that retrieval improves performance across a variety of NLP tasks when considered in isolation. Such tasks include open-domain question answering [5, 29], fact checking [56], fact completion [48], long-form question answering [12], Wikipedia article generation [36], dialogue [41, 65, 9, 13], translation [17], and language modeling [19, 27]. Our work uniﬁes previous successes in incorporating retrieval into individual tasks, showing that a single retrieval-based architecture is capable of achieving strong performance across several tasks. General-Purpose Architectures for NLP Prior work on general-purpose architectures for NLP tasks has shown great success without the use of retrieval.",113
rag.pdf_chunk_56,rag.pdf,56,"General-Purpose Architectures for NLP Prior work on general-purpose architectures for NLP tasks has shown great success without the use of retrieval. A single, pre-trained language model has been shown to achieve strong performance on various classiﬁcation tasks in the GLUE bench- marks [60, 61] after ﬁne-tuning [49, 8]. GPT-2 [50] later showed that a single, left-to-right, pre-trained language model could achieve strong performance across both discriminative and generative tasks. For further improvement, BART [32] and T5 [51, 52] propose a single, pre-trained encoder-decoder model that leverages bi-directional attention to achieve stronger performance on discriminative and generative tasks. Our work aims to expand the space of possible tasks with a single, uniﬁed architecture, by learning a retrieval module to augment pre-trained, generative language models.",123
rag.pdf_chunk_57,rag.pdf,57,"Our work aims to expand the space of possible tasks with a single, uniﬁed architecture, by learning a retrieval module to augment pre-trained, generative language models. Learned Retrieval There is signiﬁcant work on learning to retrieve documents in information retrieval, more recently with pre-trained, neural language models [44, 26] similar to ours. Some work optimizes the retrieval module to aid in a speciﬁc, downstream task such as question answering, using search [46], reinforcement learning [6, 63, 62], or a latent variable approach [31, 20] as in our work. These successes leverage different retrieval-based architectures and optimization techniques to achieve strong performance on a single task, while we show that a single retrieval-based architecture can be ﬁne-tuned for strong performance on a variety of tasks. Memory-based Architectures Our document index can be seen as a large external memory for neural networks to attend to, analogous to memory networks [64, 55].",149
rag.pdf_chunk_58,rag.pdf,58,"Memory-based Architectures Our document index can be seen as a large external memory for neural networks to attend to, analogous to memory networks [64, 55]. Concurrent work [14] learns to retrieve a trained embedding for each entity in the input, rather than to retrieve raw text as in our work. Other work improves the ability of dialog models to generate factual text by attending over fact embeddings [15, 13]. A key feature of our memory is that it is comprised of raw text rather distributed representations, which makes the memory both (i) human-readable, lending a form of interpretability to our model, and (ii) human-writable, enabling us to dynamically update the model’s memory by editing the document index. This approach has also been used in knowledge-intensive dialog, where generators have been conditioned on retrieved text directly, albeit obtained via TF-IDF rather than end-to-end learnt retrieval [9].",145
rag.pdf_chunk_59,rag.pdf,59,"This approach has also been used in knowledge-intensive dialog, where generators have been conditioned on retrieved text directly, albeit obtained via TF-IDF rather than end-to-end learnt retrieval [9]. Retrieve-and-Edit approaches Our method shares some similarities with retrieve-and-edit style approaches, where a similar training input-output pair is retrieved for a given input, and then edited to provide a ﬁnal output. These approaches have proved successful in a number of domains including Machine Translation [18, 22] and Semantic Parsing [21]. Our approach does have several differences, including less of emphasis on lightly editing a retrieved item, but on aggregating content from several pieces of retrieved content, as well as learning latent retrieval, and retrieving evidence documents rather than related training pairs. This said, RAG techniques may work well in these settings, and could represent promising future work.",135
rag.pdf_chunk_60,rag.pdf,60,"This said, RAG techniques may work well in these settings, and could represent promising future work. Discussion In this work, we presented hybrid generation models with access to parametric and non-parametric memory. We showed that our RAG models obtain state of the art results on open-domain QA. We found that people prefer RAG’s generation over purely parametric BART, ﬁnding RAG more factual and speciﬁc. We conducted an thorough investigation of the learned retrieval component, validating its effectiveness, and we illustrated how the retrieval index can be hot-swapped to update the model without requiring any retraining.",95
rag.pdf_chunk_61,rag.pdf,61,"We conducted an thorough investigation of the learned retrieval component, validating its effectiveness, and we illustrated how the retrieval index can be hot-swapped to update the model without requiring any retraining. In future work, it may be fruitful to investigate if the two components can be jointly pre-trained from scratch, either with a denoising objective similar to BART or some another objective. Our work opens up new research directions on how parametric and non-parametric memories interact and how to most effectively combine them, showing promise in being applied to a wide variety of NLP tasks. Broader Impact This work offers several positive societal beneﬁts over previous work: the fact that it is more strongly grounded in real factual knowledge (in this case Wikipedia) makes it “hallucinate” less with generations that are more factual, and offers more control and interpretability. RAG could be employed in a wide variety of scenarios with direct beneﬁt to society, for example by endowing it with a medical index and asking it open-domain questions on that topic, or by helping people be more effective at their jobs.",181
rag.pdf_chunk_62,rag.pdf,62,"RAG could be employed in a wide variety of scenarios with direct beneﬁt to society, for example by endowing it with a medical index and asking it open-domain questions on that topic, or by helping people be more effective at their jobs. With these advantages also come potential downsides: Wikipedia, or any potential external knowledge source, will probably never be entirely factual and completely devoid of bias. Since RAG can be employed as a language model, similar concerns as for GPT-2 [50] are valid here, although arguably to a lesser extent, including that it might be used to generate abuse, faked or misleading content in the news or on social media; to impersonate others; or to automate the production of spam/phishing content [54]. Advanced language models may also lead to the automation of various jobs in the coming decades [16]. In order to mitigate these risks, AI systems could be employed to ﬁght against misleading content and automated spam/phishing.",159
rag.pdf_chunk_63,rag.pdf,63,"In order to mitigate these risks, AI systems could be employed to ﬁght against misleading content and automated spam/phishing. Acknowledgments The authors would like to thank the reviewers for their thoughtful and constructive feedback on this paper, as well as HuggingFace for their help in open-sourcing code to run RAG models. The authors would also like to thank Kyunghyun Cho and Sewon Min for productive discussions and advice. EP thanks supports from the NSF Graduate Research Fellowship. PL is supported by the FAIR PhD program.",85
rag.pdf_chunk_64,rag.pdf,64,PL is supported by the FAIR PhD program.,8
